# start	end	mode	name  (end = start+size-1; 0 = size unknown)
0x10000A84	0x10000B1B	thumb	func_8000A84
0x10000B1C	0x00000000	thumb	func_8000B1C
0x100033BC	0x10003427	thumb	func_80033BC
0x10003428	0x1000397F	thumb	func_8003428
0x10003980	0x00000000	thumb	func_8003980
0x10003A18	0x10003BEF	thumb	func_8003A18
0x10003BF0	0x10003C6F	thumb	func_8003BF0
0x10003C70	0x00000000	thumb	func_8003C70
0x10003C90	0x10003DC3	thumb	func_8003C90
0x10003DC4	0x10003F87	thumb	func_8003DC4
0x10003F88	0x1000406F	thumb	func_8003F88
0x10004070	0x10004243	thumb	func_8004070
0x10004244	0x100042EF	thumb	func_8004244
0x100042F0	0x1000434F	thumb	func_80042F0
0x10004350	0x10004477	thumb	func_8004350
0x10004478	0x1000450B	thumb	func_8004478
0x1000450C	0x100046D7	thumb	func_800450C
0x100046D8	0x100047B7	thumb	func_80046D8
0x100047B8	0x10004B13	thumb	func_80047B8
0x10004B14	0x10004BFB	thumb	func_8004B14
0x10004BFC	0x10005373	thumb	func_8004BFC
0x10005374	0x1000542B	thumb	func_8005374
0x1000542C	0x100054FF	thumb	func_800542C
0x10005500	0x100057BB	thumb	func_8005500
0x100057BC	0x100058AB	thumb	func_80057BC
0x100058AC	0x10005CA3	thumb	func_80058AC
0x10005CA4	0x10005CBF	thumb	func_8005CA4
0x10005CC0	0x10005F1B	thumb	func_8005CC0
0x10005F1C	0x10006477	thumb	func_8005F1C
0x10006478	0x1000667F	thumb	func_8006478
0x10006680	0x100067BB	thumb	func_8006680
0x100067BC	0x10006DFF	thumb	func_80067BC
0x10006E00	0x10006F9F	thumb	func_8006E00
0x10006FA0	0x100077C3	thumb	func_8006FA0
0x100077C4	0x1000788F	thumb	func_80077C4
0x10007890	0x1000796F	thumb	func_8007890
0x10007970	0x100079F7	thumb	func_8007970
0x100079F8	0x10007A6B	thumb	func_80079F8
0x10007A6C	0x10007B13	thumb	func_8007A6C
0x10007B14	0x10007C2F	thumb	func_8007B14
0x10007C30	0x100088DB	thumb	func_8007C30
0x100088DC	0x100088FF	thumb	func_80088DC
0x10008900	0x10008ACB	thumb	func_8008900
0x10008ACC	0x10008B1F	thumb	func_8008ACC
0x10008B20	0x10009B37	thumb	func_8008B20
0x10009B38	0x10009DD7	thumb	func_8009B38
0x10009DD8	0x1000A00F	thumb	func_8009DD8
0x1000A010	0x1000A093	thumb	func_800A010
0x1000A094	0x1000A17F	thumb	func_800A094
0x1000A180	0x1000A35F	thumb	func_800A180
0x1000A360	0x1000A3B7	thumb	func_800A360
0x1000A3B8	0x1000A3F7	thumb	func_800A3B8
0x1000A3F8	0x1000A43B	thumb	func_800A3F8
0x1000A43C	0x1000AFDB	thumb	func_800A43C
0x1000AFDC	0x1000B15B	thumb	func_800AFDC
0x1000B15C	0x1000B27F	thumb	func_800B15C
0x1000B280	0x1000B397	thumb	func_800B280
0x1000B398	0x1000B4BF	thumb	func_800B398
0x1000B4C0	0x1000B57F	thumb	func_800B4C0
0x1000B580	0x1000B5A3	thumb	func_800B580
0x1000B5A4	0x1000B5E3	thumb	func_800B5A4
0x1000B5E4	0x1000B683	thumb	func_800B5E4
0x1000B684	0x1000B6BF	thumb	func_800B684
0x1000B6C0	0x1000B733	thumb	func_800B6C0
0x1000B734	0x1000B7BB	thumb	func_800B734
0x1000B7BC	0x1000B7DF	thumb	func_800B7BC
0x1000B7E0	0x1000B803	thumb	func_800B7E0
0x1000B804	0x1000B827	thumb	func_800B804
0x1000B828	0x1000B84B	thumb	func_800B828
0x1000B84C	0x1000B887	thumb	func_800B84C
0x1000B888	0x1000B8C3	thumb	func_800B888
0x1000B8C4	0x1000B9CF	thumb	func_800B8C4
0x1000B9D0	0x1000BA5B	thumb	func_800B9D0
0x1000BA5C	0x1000BA77	thumb	func_800BA5C
0x1000BA78	0x1000BB0F	thumb	func_800BA78
0x1000BB10	0x1000BB3F	thumb	func_800BB10
0x1000BB40	0x1000BB8F	thumb	func_800BB40
0x1000BB90	0x1000BC03	thumb	func_800BB90
0x1000BC04	0x1000BC7B	thumb	func_800BC04
0x1000BC7C	0x1000BCC3	thumb	func_800BC7C
0x1000BCC4	0x1000BD8B	thumb	func_800BCC4
0x1000BD8C	0x1000BDDF	thumb	func_800BD8C
0x1000BDE0	0x1000BE33	thumb	func_800BDE0
0x1000BE34	0x00000000	thumb	func_800BE34
0x1000BE64	0x1000BE93	thumb	func_800BE64
0x1000BE94	0x1000BEC3	thumb	func_800BE94
0x1000BEC4	0x1000BF0B	thumb	func_800BEC4
0x1000BF0C	0x1000BF17	thumb	func_800BF0C
0x1000BF18	0x1000BF23	thumb	func_800BF18
0x1000BF24	0x1000BF2F	thumb	func_800BF24
0x1000BF30	0x1000BF6B	thumb	func_800BF30
0x1000BF6C	0x1000BFA7	thumb	func_800BF6C
0x1000BFA8	0x1000BFEF	thumb	func_800BFA8
0x1000BFF0	0x1000C01F	thumb	func_800BFF0
0x1000C020	0x1000C05B	thumb	func_800C020
0x1000C05C	0x1000C097	thumb	func_800C05C
0x1000C098	0x1000C11B	thumb	func_800C098
0x1000C11C	0x1000C127	thumb	func_800C11C
0x1000C128	0x1000C133	thumb	func_800C128
0x1000C134	0x1000C13F	thumb	func_800C134
0x1000C140	0x1000C14B	thumb	func_800C140
0x1000C14C	0x1000C157	thumb	func_800C14C
0x1000C158	0x1000C163	thumb	func_800C158
0x1000C164	0x1000C16F	thumb	func_800C164
0x1000C170	0x1000C17B	thumb	func_800C170
0x1000C17C	0x1000C187	thumb	func_800C17C
0x1000C188	0x1000C193	thumb	func_800C188
0x1000C194	0x1000C19F	thumb	func_800C194
0x1000C1A0	0x1000C1AB	thumb	func_800C1A0
0x1000C1AC	0x1000C1E7	thumb	func_800C1AC
0x1000C1E8	0x1000C223	thumb	func_800C1E8
0x1000C224	0x00000000	thumb	func_800C224
0x1000C264	0x1000C317	thumb	func_800C264
0x1000C318	0x1000C357	thumb	func_800C318
0x1000C358	0x1000C3B7	thumb	func_800C358
0x1000C3B8	0x1000C3FF	thumb	func_800C3B8
0x1000C400	0x00000000	thumb	func_800C400
0x1000C470	0x1000C567	thumb	func_800C470
0x1000C568	0x1000C5AF	thumb	func_800C568
0x1000C5B0	0x1000C603	thumb	func_800C5B0
0x1000C604	0x1000C657	thumb	func_800C604
0x1000C658	0x1000C6A7	thumb	func_800C658
0x1000C6A8	0x1000C6F7	thumb	func_800C6A8
0x1000C6F8	0x1000C703	thumb	func_800C6F8
0x1000C704	0x1000C717	thumb	func_800C704
0x1000C718	0x1000C82B	thumb	func_800C718
0x1000C82C	0x1000C87B	thumb	func_800C82C
0x1000C87C	0x00000000	thumb	func_800C87C
0x1000C8A0	0x1000C92F	thumb	func_800C8A0
0x1000C930	0x1000C9AB	thumb	func_800C930
0x1000C9AC	0x1000CA1F	thumb	func_800C9AC
0x1000CA20	0x1000CA77	thumb	func_800CA20
0x1000CA78	0x1000CA8B	thumb	func_800CA78
0x1000CA8C	0x1000CA9F	thumb	func_800CA8C
0x1000CAA0	0x1000CADF	thumb	func_800CAA0
0x1000CAE0	0x1000CB1F	thumb	func_800CAE0
0x1000CB20	0x1000CB5B	thumb	func_800CB20
0x1000CB5C	0x1000CB97	thumb	func_800CB5C
0x1000CB98	0x1000CC27	thumb	func_800CB98
0x1000CC28	0x1000CC63	thumb	func_800CC28
0x1000CC64	0x1000CC9F	thumb	func_800CC64
0x1000CCA0	0x1000CCDB	thumb	func_800CCA0
0x1000CCDC	0x1000CD2F	thumb	func_800CCDC
0x1000CD30	0x1000CD6B	thumb	func_800CD30
0x1000CD6C	0x1000CDDB	thumb	func_800CD6C
0x1000CDDC	0x1000CE0B	thumb	func_800CDDC
0x1000CE0C	0x1000CE7B	thumb	func_800CE0C
0x1000CE7C	0x1000CEAB	thumb	func_800CE7C
0x1000CEAC	0x1000CF8F	thumb	func_800CEAC
0x1000CF90	0x1000CF9B	thumb	func_800CF90
0x1000CF9C	0x1000CFA7	thumb	func_800CF9C
0x1000CFA8	0x1000CFB3	thumb	func_800CFA8
0x1000CFB4	0x00000000	thumb	func_800CFB4
0x1000CFC0	0x1000D007	thumb	func_800CFC0
0x1000D008	0x1000D073	thumb	func_800D008
0x1000D074	0x1000D0BB	thumb	func_800D074
0x1000D0BC	0x1000D133	thumb	func_800D0BC
0x1000D134	0x00000000	thumb	func_800D134
0x1000D1AC	0x1000D1EB	thumb	func_800D1AC
0x1000D1EC	0x1000D22B	thumb	func_800D1EC
0x1000D22C	0x1000D23F	thumb	func_800D22C
0x1000D240	0x1000D27F	thumb	func_800D240
0x1000D280	0x1000D2AF	thumb	func_800D280
0x1000D2B0	0x1000D323	thumb	func_800D2B0
0x1000D324	0x1000D337	thumb	func_800D324
0x1000D338	0x1000D34B	thumb	func_800D338
0x1000D34C	0x1000D3BF	thumb	func_800D34C
0x1000D3C0	0x1000D3EF	thumb	func_800D3C0
0x1000D3F0	0x1000D403	thumb	func_800D3F0
0x1000D404	0x1000D44B	thumb	func_800D404
0x1000D44C	0x1000D487	thumb	func_800D44C
0x1000D488	0x1000D4E7	thumb	func_800D488
0x1000D4E8	0x1000D4FB	thumb	func_800D4E8
0x1000D4FC	0x1000D50F	thumb	func_800D4FC
0x1000D510	0x1000D53F	thumb	func_800D510
0x1000D540	0x1000D59F	thumb	func_800D540
0x1000D5A0	0x1000D5EF	thumb	func_800D5A0
0x1000D5F0	0x1000D63F	thumb	func_800D5F0
0x1000D640	0x1000D68F	thumb	func_800D640
0x1000D690	0x1000D6A3	thumb	func_800D690
0x1000D6A4	0x1000D6B7	thumb	func_800D6A4
0x1000D6B8	0x1000D6CB	thumb	func_800D6B8
0x1000D6CC	0x1000D6DF	thumb	func_800D6CC
0x1000D6E0	0x1000D707	thumb	func_800D6E0
0x1000D708	0x1000D77F	thumb	func_800D708
0x1000D780	0x1000D7DF	thumb	func_800D780
0x1000D7E0	0x1000D853	thumb	func_800D7E0
0x1000D854	0x1000DA3F	thumb	func_800D854
0x1000DA40	0x1000DC2B	thumb	func_800DA40
0x1000DC2C	0x1000DE5F	thumb	func_800DC2C
0x1000DE60	0x1000E0CB	thumb	func_800DE60
0x1000E0CC	0x1000E107	thumb	func_800E0CC
0x1000E108	0x1000E143	thumb	func_800E108
0x1000E144	0x1000E173	thumb	func_800E144
0x1000E174	0x1000E1C7	thumb	func_800E174
0x1000E1C8	0x1000E207	thumb	func_800E1C8
0x1000E208	0x1000E247	thumb	func_800E208
0x1000E248	0x1000E287	thumb	func_800E248
0x1000E288	0x1000E2C7	thumb	func_800E288
0x1000E2C8	0x1000E43F	thumb	func_800E2C8
0x1000E440	0x1000E4CB	thumb	func_800E440
0x1000E4CC	0x1000E507	thumb	func_800E4CC
0x1000E508	0x1000E593	thumb	func_800E508
0x1000E594	0x1000E5F3	thumb	func_800E594
0x1000E5F4	0x1000E67F	thumb	func_800E5F4
0x1000E680	0x1000E6F7	thumb	func_800E680
0x1000E6F8	0x1000E74F	thumb	func_800E6F8
0x1000E750	0x1000E7A7	thumb	func_800E750
0x1000E7A8	0x1000E807	thumb	func_800E7A8
0x1000E808	0x1000E867	thumb	func_800E808
0x1000E868	0x1000E8C7	thumb	func_800E868
0x1000E8C8	0x1000E927	thumb	func_800E8C8
0x1000E928	0x1000E983	thumb	func_800E928
0x1000E984	0x1000E9DF	thumb	func_800E984
0x1000E9E0	0x1000EA3B	thumb	func_800E9E0
0x1000EA3C	0x1000EA97	thumb	func_800EA3C
0x1000EA98	0x1000EAF3	thumb	func_800EA98
0x1000EAF4	0x1000EB4F	thumb	func_800EAF4
0x1000EB50	0x1000EBAB	thumb	func_800EB50
0x1000EBAC	0x1000EC07	thumb	func_800EBAC
0x1000EC08	0x1000EC63	thumb	func_800EC08
0x1000EC64	0x1000ECBF	thumb	func_800EC64
0x1000ECC0	0x1000ED1B	thumb	func_800ECC0
0x1000ED1C	0x1000ED77	thumb	func_800ED1C
0x1000ED78	0x1000EDD3	thumb	func_800ED78
0x1000EDD4	0x1000EE2F	thumb	func_800EDD4
0x1000EE30	0x1000EE8B	thumb	func_800EE30
0x1000EE8C	0x1000EEE7	thumb	func_800EE8C
0x1000EEE8	0x1000EF43	thumb	func_800EEE8
0x1000EF44	0x1000EF9F	thumb	func_800EF44
0x1000EFA0	0x1000EFFB	thumb	func_800EFA0
0x1000EFFC	0x1000F057	thumb	func_800EFFC
0x1000F058	0x1000F0B3	thumb	func_800F058
0x1000F0B4	0x1000F10F	thumb	func_800F0B4
0x1000F110	0x1000F16B	thumb	func_800F110
0x1000F16C	0x1000F1C7	thumb	func_800F16C
0x1000F1C8	0x1000F223	thumb	func_800F1C8
0x1000F224	0x1000F27F	thumb	func_800F224
0x1000F280	0x1000F2DB	thumb	func_800F280
0x1000F2DC	0x1000F337	thumb	func_800F2DC
0x1000F338	0x1000F393	thumb	func_800F338
0x1000F394	0x1000F3EF	thumb	func_800F394
0x1000F3F0	0x1000F44B	thumb	func_800F3F0
0x1000F44C	0x1000F4A7	thumb	func_800F44C
0x1000F4A8	0x1000F4F3	thumb	func_800F4A8
0x1000F4F4	0x1000F52F	thumb	func_800F4F4
0x1000F530	0x1000F56B	thumb	func_800F530
0x1000F56C	0x1000F5A7	thumb	func_800F56C
0x1000F5A8	0x1000F5E3	thumb	func_800F5A8
0x1000F5E4	0x1000F617	thumb	func_800F5E4
0x1000F618	0x1000F653	thumb	func_800F618
0x1000F654	0x1000F68F	thumb	func_800F654
0x1000F690	0x1000F6CB	thumb	func_800F690
0x1000F6CC	0x1000F707	thumb	func_800F6CC
0x1000F708	0x1000F743	thumb	func_800F708
0x1000F744	0x1000F77F	thumb	func_800F744
0x1000F780	0x00000000	thumb	func_800F780
0x1000F7BC	0x1000F8A3	thumb	func_800F7BC
0x1000F8A4	0x1000F93F	thumb	func_800F8A4
0x1000F940	0x1000F98F	thumb	func_800F940
0x1000F990	0x00000000	thumb	func_800F990
0x1000F9E0	0x1000FA27	thumb	func_800F9E0
0x1000FA28	0x1000FA3B	thumb	func_800FA28
0x1000FA3C	0x1000FA8B	thumb	func_800FA3C
0x1000FA8C	0x1000FA9F	thumb	func_800FA8C
0x1000FAA0	0x00000000	thumb	func_800FAA0
0x1000FD28	0x1000FD8F	thumb	func_800FD28
0x1000FD90	0x1000FDBB	thumb	func_800FD90
0x1000FDBC	0x1000FE57	thumb	func_800FDBC
0x1000FE58	0x1000FF0B	thumb	func_800FE58
0x1000FF0C	0x1000FF63	thumb	func_800FF0C
0x1000FF64	0x10010153	thumb	func_800FF64
0x10010154	0x100101CF	thumb	func_8010154
0x100101D0	0x1001022F	thumb	func_80101D0
0x10010230	0x00000000	thumb	func_8010230
0x100104A4	0x10010553	thumb	func_80104A4
0x10010554	0x100107E3	thumb	func_8010554
0x100107E4	0x10010863	thumb	func_80107E4
0x10010864	0x10010A37	thumb	func_8010864
0x10010A38	0x10010A9B	thumb	func_8010A38
0x10010A9C	0x10010C03	thumb	func_8010A9C
0x10010C04	0x10010C9F	thumb	func_8010C04
0x10010CA0	0x10010D1B	thumb	func_8010CA0
0x10010D1C	0x10010E47	thumb	func_8010D1C
0x10010E48	0x10010F13	thumb	func_8010E48
0x10010F14	0x10010FA7	thumb	func_8010F14
0x10010FA8	0x1001109F	thumb	func_8010FA8
0x100110A0	0x1001119B	thumb	func_80110A0
0x1001119C	0x1001123F	thumb	func_801119C
0x10011240	0x1001127F	thumb	func_8011240
0x10011280	0x100112EB	thumb	func_8011280
0x100112EC	0x1001133F	thumb	func_80112EC
0x10011340	0x1001138F	thumb	func_8011340
0x10011390	0x100113DB	thumb	func_8011390
0x100113DC	0x1001141B	thumb	func_80113DC
0x1001141C	0x1001145B	thumb	func_801141C
0x1001145C	0x1001158F	thumb	func_801145C
0x10011590	0x1001164F	thumb	func_8011590
0x10011650	0x10011707	thumb	func_8011650
0x10011708	0x10011747	thumb	func_8011708
0x10011748	0x1001177F	thumb	func_8011748
0x10011780	0x10011897	thumb	func_8011780
0x10011898	0x1001191B	thumb	func_8011898
0x1001191C	0x1001195F	thumb	func_801191C
0x10011960	0x100119DF	thumb	func_8011960
0x100119E0	0x10011A5F	thumb	func_80119E0
0x10011A60	0x10011B03	thumb	func_8011A60
0x10011B04	0x10011B8B	thumb	func_8011B04
0x10011B8C	0x10011BF3	thumb	func_8011B8C
0x10011BF4	0x10011C5B	thumb	func_8011BF4
0x10011C5C	0x10011CAF	thumb	func_8011C5C
0x10011CB0	0x10011D6F	thumb	func_8011CB0
0x10011D70	0x10011E23	thumb	func_8011D70
0x10011E24	0x10011E83	thumb	func_8011E24
0x10011E84	0x10011F1B	thumb	func_8011E84
0x10011F1C	0x10011FEF	thumb	func_8011F1C
0x10011FF0	0x100120B3	thumb	func_8011FF0
0x100120B4	0x1001210F	thumb	func_80120B4
0x10012110	0x1001215B	thumb	func_8012110
0x1001215C	0x100121D7	thumb	func_801215C
0x100121D8	0x1001224F	thumb	func_80121D8
0x10012250	0x100122A3	thumb	func_8012250
0x100122A4	0x1001235F	thumb	func_80122A4
0x10012360	0x1001237F	thumb	func_8012360
0x10012380	0x100123EF	thumb	func_8012380
0x100123F0	0x10012463	thumb	func_80123F0
0x10012464	0x100124A3	thumb	func_8012464
0x100124A4	0x100124E3	thumb	func_80124A4
0x100124E4	0x100125A3	thumb	func_80124E4
0x100125A4	0x10012613	thumb	func_80125A4
0x10012614	0x1001268F	thumb	func_8012614
0x10012690	0x10012693	thumb	func_8012690
0x10012694	0x100126A7	thumb	func_8012694
0x100126A8	0x1001272F	thumb	func_80126A8
0x10012730	0x1001276F	thumb	func_8012730
0x10012770	0x100127AF	thumb	func_8012770
0x100127B0	0x100127EF	thumb	func_80127B0
0x100127F0	0x10012863	thumb	func_80127F0
0x10012864	0x100128A3	thumb	func_8012864
0x100128A4	0x10012913	thumb	func_80128A4
0x10012914	0x100129D3	thumb	func_8012914
0x100129D4	0x100129D7	thumb	func_80129D4
0x100129D8	0x10012A0B	thumb	func_80129D8
0x10012A0C	0x10012A4B	thumb	func_8012A0C
0x10012A4C	0x10012A8B	thumb	func_8012A4C
0x10012A8C	0x10012AF3	thumb	func_8012A8C
0x10012AF4	0x10012BAB	thumb	func_8012AF4
0x10012BAC	0x10012CC7	thumb	func_8012BAC
0x10012CC8	0x10012E5B	thumb	func_8012CC8
0x10012E5C	0x1001318B	thumb	func_8012E5C
0x1001318C	0x10013893	thumb	func_801318C
0x10013894	0x10013A97	thumb	func_8013894
0x10013A98	0x10013D6B	thumb	func_8013A98
0x10013D6C	0x10013EFB	thumb	func_8013D6C
0x10013EFC	0x1001408F	thumb	func_8013EFC
0x10014090	0x10014267	thumb	func_8014090
0x10014268	0x100143D7	thumb	func_8014268
0x100143D8	0x10014757	thumb	func_80143D8
0x10014758	0x1001492F	thumb	func_8014758
0x10014930	0x10014C4B	thumb	func_8014930
0x10014C4C	0x10014EFF	thumb	func_8014C4C
0x10014F00	0x10014FAB	thumb	func_8014F00
0x10014FAC	0x100150CF	thumb	func_8014FAC
0x100150D0	0x10015193	thumb	func_80150D0
0x10015194	0x10015215	thumb	func_8015194
0x10015216	0x100158C7	thumb	func_8015216
0x100158C8	0x10015B47	thumb	func_80158C8
0x10015B48	0x10015C07	thumb	func_8015B48
0x10015C08	0x10015C6B	thumb	func_8015C08
0x10015C6C	0x00000000	thumb	func_8015C6C
0x10015CF8	0x10015D1B	thumb	func_8015CF8
0x10015D1C	0x10015D33	thumb	func_8015D1C
0x10015D34	0x10015DD3	thumb	func_8015D34
0x10015DD4	0x10015E73	thumb	func_8015DD4
0x10015E74	0x10015F87	thumb	func_8015E74
0x10015F88	0x100160F3	thumb	func_8015F88
0x100160F4	0x100161E3	thumb	func_80160F4
0x100161E4	0x1001623F	thumb	func_80161E4
0x10016240	0x10016303	thumb	func_8016240
0x10016304	0x10016377	thumb	func_8016304
0x10016378	0x100163A7	thumb	func_8016378
0x100163A8	0x100163D7	thumb	func_80163A8
0x100163D8	0x100163F7	thumb	func_80163D8
0x100163F8	0x10016455	thumb	func_80163F8
0x10016456	0x100164A3	thumb	func_8016456
0x100164A4	0x100165AF	thumb	func_80164A4
0x100165B0	0x10016613	thumb	func_80165B0
0x10016614	0x10016885	thumb	func_8016614
0x10016886	0x10016B57	thumb	func_8016886
0x10016B58	0x10016DFF	thumb	func_8016B58
0x10016E00	0x10016FF3	thumb	func_8016E00
0x10016FF4	0x100171EB	thumb	func_8016FF4
0x100171EC	0x10017393	thumb	func_80171EC
0x10017394	0x1001759F	thumb	func_8017394
0x100175A0	0x1001769B	thumb	func_80175A0
0x1001769C	0x00000000	thumb	func_801769C
0x100176EC	0x1001770F	thumb	func_80176EC
0x10017710	0x10017783	thumb	func_8017710
0x10017784	0x100177EB	thumb	func_8017784
0x100177EC	0x1001785F	thumb	func_80177EC
0x10017860	0x100178C7	thumb	func_8017860
0x100178C8	0x1001793B	thumb	func_80178C8
0x1001793C	0x100179A3	thumb	func_801793C
0x100179A4	0x10017A4B	thumb	func_80179A4
0x10017A4C	0x10017A93	thumb	func_8017A4C
0x10017A94	0x10017ADB	thumb	func_8017A94
0x10017ADC	0x10017C3F	thumb	func_8017ADC
0x10017C40	0x10017CCF	thumb	func_8017C40
0x10017CD0	0x10017DCB	thumb	func_8017CD0
0x10017DCC	0x10017ECB	thumb	func_8017DCC
0x10017ECC	0x10017F4F	thumb	func_8017ECC
0x10017F50	0x00000000	thumb	func_8017F50
0x10017FB0	0x10017FD3	thumb	func_8017FB0
0x10017FD4	0x10018013	thumb	func_8017FD4
0x10018014	0x10018053	thumb	func_8018014
0x10018054	0x10018093	thumb	func_8018054
0x10018094	0x10018155	thumb	func_8018094
0x10018156	0x100181A3	thumb	func_8018156
0x100181A4	0x100181F1	thumb	func_80181A4
0x100181F2	0x1001823B	thumb	func_80181F2
0x1001823C	0x1001827B	thumb	func_801823C
0x1001827C	0x100182C3	thumb	func_801827C
0x100182C4	0x1001831D	thumb	func_80182C4
0x1001831E	0x1001836F	thumb	func_801831E
0x10018370	0x10018467	thumb	func_8018370
0x10018468	0x100184F7	thumb	func_8018468
0x100184F8	0x10018603	thumb	func_80184F8
0x10018604	0x1001866F	thumb	func_8018604
0x10018670	0x100186F7	thumb	func_8018670
0x100186F8	0x00000000	thumb	func_80186F8
0x10018758	0x1001877B	thumb	func_8018758
0x1001877C	0x100187BB	thumb	func_801877C
0x100187BC	0x100187DB	thumb	func_80187BC
0x100187DC	0x100187FB	thumb	func_80187DC
0x100187FC	0x10018843	thumb	func_80187FC
0x10018844	0x100188A7	thumb	func_8018844
0x100188A8	0x10018937	thumb	func_80188A8
0x10018938	0x10018A27	thumb	func_8018938
0x10018A28	0x10018A9F	thumb	func_8018A28
0x10018AA0	0x10018B27	thumb	func_8018AA0
0x10018B28	0x00000000	thumb	func_8018B28
0x10018B88	0x10018BAB	thumb	func_8018B88
0x10018BAC	0x10018BBF	thumb	func_8018BAC
0x10018BC0	0x10018C5B	thumb	func_8018BC0
0x10018C5C	0x10018CCF	thumb	func_8018C5C
0x10018CD0	0x10018D13	thumb	func_8018CD0
0x10018D14	0x10018D93	thumb	func_8018D14
0x10018D94	0x10018DD3	thumb	func_8018D94
0x10018DD4	0x10018E13	thumb	func_8018DD4
0x10018E14	0x10018E53	thumb	func_8018E14
0x10018E54	0x10018E93	thumb	func_8018E54
0x10018E94	0x10018ED3	thumb	func_8018E94
0x10018ED4	0x10018F1B	thumb	func_8018ED4
0x10018F1C	0x10018F5B	thumb	func_8018F1C
0x10018F5C	0x10018F6F	thumb	func_8018F5C
0x10018F70	0x1001907B	thumb	func_8018F70
0x1001907C	0x1001910B	thumb	func_801907C
0x1001910C	0x1001924F	thumb	func_801910C
0x10019250	0x1001929D	thumb	func_8019250
0x1001929E	0x1001930B	thumb	func_801929E
0x1001930C	0x10019393	thumb	func_801930C
0x10019394	0x00000000	thumb	func_8019394
0x100193F4	0x10019417	thumb	func_80193F4
0x10019418	0x10019457	thumb	func_8019418
0x10019458	0x1001945B	thumb	func_8019458
0x1001945C	0x1001953D	thumb	func_801945C
0x1001953E	0x10019587	thumb	func_801953E
0x10019588	0x100195CB	thumb	func_8019588
0x100195CC	0x10019619	thumb	func_80195CC
0x1001961A	0x10019663	thumb	func_801961A
0x10019664	0x100196A3	thumb	func_8019664
0x100196A4	0x10019709	thumb	func_80196A4
0x1001970A	0x1001974B	thumb	func_801970A
0x1001974C	0x100197A3	thumb	func_801974C
0x100197A4	0x100197FB	thumb	func_80197A4
0x100197FC	0x1001985F	thumb	func_80197FC
0x10019860	0x100198C3	thumb	func_8019860
0x100198C4	0x10019917	thumb	func_80198C4
0x10019918	0x1001996B	thumb	func_8019918
0x1001996C	0x10019ACF	thumb	func_801996C
0x10019AD0	0x10019B5F	thumb	func_8019AD0
0x10019B60	0x10019C7B	thumb	func_8019B60
0x10019C7C	0x10019CF3	thumb	func_8019C7C
0x10019CF4	0x10019D7B	thumb	func_8019CF4
0x10019D7C	0x00000000	thumb	func_8019D7C
0x10019DDC	0x10019DFF	thumb	func_8019DDC
0x10019E00	0x10019E2B	thumb	func_8019E00
0x10019E2C	0x10019E53	thumb	func_8019E2C
0x10019E54	0x10019F01	thumb	func_8019E54
0x10019F02	0x10019F43	thumb	func_8019F02
0x10019F44	0x10019F87	thumb	func_8019F44
0x10019F88	0x10019F8B	thumb	func_8019F88
0x10019F8C	0x10019FCF	thumb	func_8019F8C
0x10019FD0	0x1001A027	thumb	func_8019FD0
0x1001A028	0x1001A08F	thumb	func_801A028
0x1001A090	0x1001A1C7	thumb	func_801A090
0x1001A1C8	0x1001A24F	thumb	func_801A1C8
0x1001A250	0x1001A35F	thumb	func_801A250
0x1001A360	0x1001A423	thumb	func_801A360
0x1001A424	0x1001A4A7	thumb	func_801A424
0x1001A4A8	0x00000000	thumb	func_801A4A8
0x1001A508	0x1001A52B	thumb	func_801A508
0x1001A52C	0x1001A57F	thumb	func_801A52C
0x1001A580	0x1001A627	thumb	func_801A580
0x1001A628	0x1001A683	thumb	func_801A628
0x1001A684	0x1001A6DF	thumb	func_801A684
0x1001A6E0	0x1001A743	thumb	func_801A6E0
0x1001A744	0x1001A7AB	thumb	func_801A744
0x1001A7AC	0x1001A80B	thumb	func_801A7AC
0x1001A80C	0x1001A877	thumb	func_801A80C
0x1001A878	0x1001A8EF	thumb	func_801A878
0x1001A8F0	0x00000000	thumb	func_801A8F0
0x1001A940	0x1001A963	thumb	func_801A940
0x1001A964	0x1001A9AF	thumb	func_801A964
0x1001A9B0	0x1001AAA1	thumb	func_801A9B0
0x1001AAA2	0x1001AB07	thumb	func_801AAA2
0x1001AB08	0x1001AB83	thumb	func_801AB08
0x1001AB84	0x1001ABCB	thumb	func_801AB84
0x1001ABCC	0x1001AC7B	thumb	func_801ABCC
0x1001AC7C	0x1001AD1F	thumb	func_801AC7C
0x1001AD20	0x1001ADEF	thumb	func_801AD20
0x1001ADF0	0x1001AE67	thumb	func_801ADF0
0x1001AE68	0x1001AEEB	thumb	func_801AE68
0x1001AEEC	0x00000000	thumb	func_801AEEC
0x1001AF4C	0x1001AF6F	thumb	func_801AF4C
0x1001AF70	0x1001AFAF	thumb	func_801AF70
0x1001AFB0	0x1001AFEF	thumb	func_801AFB0
0x1001AFF0	0x1001B06F	thumb	func_801AFF0
0x1001B070	0x1001B117	thumb	func_801B070
0x1001B118	0x1001B1DB	thumb	func_801B118
0x1001B1DC	0x1001B235	thumb	func_801B1DC
0x1001B236	0x1001B27F	thumb	func_801B236
0x1001B280	0x1001B303	thumb	func_801B280
0x1001B304	0x1001B383	thumb	func_801B304
0x1001B384	0x1001B47F	thumb	func_801B384
0x1001B480	0x1001B4EB	thumb	func_801B480
0x1001B4EC	0x1001B56F	thumb	func_801B4EC
0x1001B570	0x00000000	thumb	func_801B570
0x1001B5D0	0x1001B5F3	thumb	func_801B5D0
0x1001B5F4	0x1001B697	thumb	func_801B5F4
0x1001B698	0x1001B6A7	thumb	func_801B698
0x1001B6A8	0x1001B6D7	thumb	func_801B6A8
0x1001B6D8	0x1001B73F	thumb	func_801B6D8
0x1001B740	0x1001B7EB	thumb	func_801B740
0x1001B7EC	0x1001B857	thumb	func_801B7EC
0x1001B858	0x1001B85B	thumb	func_801B858
0x1001B85C	0x00000000	thumb	func_801B85C
0x1001D684	0x1001D88B	thumb	func_801D684
0x1001D88C	0x1001D8C3	thumb	func_801D88C
0x1001D8C4	0x1001DA6F	thumb	func_801D8C4
0x1001DA70	0x1001DCEB	thumb	func_801DA70
0x1001DCEC	0x1001DE7B	thumb	func_801DCEC
0x1001DE7C	0x1001DEBF	thumb	func_801DE7C
0x1001DEC0	0x1001DFF7	thumb	func_801DEC0
0x1001DFF8	0x1001E05F	thumb	func_801DFF8
0x1001E060	0x1001E0D3	thumb	func_801E060
0x1001E0D4	0x1001E0EB	thumb	func_801E0D4
0x1001E0EC	0x1001E1BF	thumb	func_801E0EC
0x1001E1C0	0x1001E257	thumb	func_801E1C0
0x1001E258	0x1001E3A7	thumb	func_801E258
0x1001E3A8	0x1001E42F	thumb	func_801E3A8
0x1001E430	0x00000000	thumb	func_801E430
0x10028148	0x1002822B	thumb	func_8028148
0x1002822C	0x100283FF	thumb	func_802822C
0x10028400	0x100284BB	thumb	func_8028400
0x100284BC	0x10028577	thumb	func_80284BC
0x10028578	0x100285A3	thumb	func_8028578
0x100285A4	0x1002865F	thumb	func_80285A4
0x10028660	0x1002868B	thumb	func_8028660
0x1002868C	0x100286BF	thumb	func_802868C
0x100286C0	0x100286EB	thumb	func_80286C0
0x100286EC	0x10028757	thumb	func_80286EC
0x10028758	0x100287CB	thumb	func_8028758
0x100287CC	0x100287E3	thumb	func_80287CC
0x100287E4	0x10028807	thumb	func_80287E4
0x10028808	0x1002882B	thumb	func_8028808
0x1002882C	0x1002884F	thumb	func_802882C
0x10028850	0x10028873	thumb	func_8028850
0x10028874	0x1002889B	thumb	func_8028874
0x1002889C	0x100288C3	thumb	func_802889C
0x100288C4	0x100288EB	thumb	func_80288C4
0x100288EC	0x10028913	thumb	func_80288EC
0x10028914	0x1002896F	thumb	func_8028914
0x10028970	0x100289CB	thumb	func_8028970
0x100289CC	0x10028A37	thumb	func_80289CC
0x10028A38	0x10028D2B	thumb	func_8028A38
0x10028D2C	0x00000000	thumb	func_8028D2C
0x1002B524	0x1002B577	thumb	func_802B524
0x1002B578	0x1002B59F	thumb	func_802B578
0x1002B5A0	0x1002B5E3	thumb	func_802B5A0
0x1002B5E4	0x1002B62B	thumb	func_802B5E4
0x1002B62C	0x1002B667	thumb	func_802B62C
0x1002B668	0x1002B693	thumb	func_802B668
0x1002B694	0x1002B74B	thumb	func_802B694
0x1002B74C	0x1002B7A3	thumb	func_802B74C
0x1002B7A4	0x1002B7D3	thumb	func_802B7A4
0x1002B7D4	0x1002B82B	thumb	func_802B7D4
0x1002B82C	0x1002B9AB	thumb	func_802B82C
0x1002B9AC	0x00000000	thumb	func_802B9AC
0x1002C894	0x1002C9B3	thumb	func_802C894
0x1002C9B4	0x1002CA53	thumb	func_802C9B4
0x1002CA54	0x1002CB0F	thumb	func_802CA54
0x1002CB10	0x1002CBCB	thumb	func_802CB10
0x1002CBCC	0x1002CBF7	thumb	func_802CBCC
0x1002CBF8	0x1002CCCF	thumb	func_802CBF8
0x1002CCD0	0x1002CCF7	thumb	func_802CCD0
0x1002CCF8	0x1002CD1B	thumb	func_802CCF8
0x1002CD1C	0x1002CD2F	thumb	func_802CD1C
0x1002CD30	0x1002CD43	thumb	func_802CD30
0x1002CD44	0x1002CD97	thumb	func_802CD44
0x1002CD98	0x1002CDAB	thumb	func_802CD98
0x1002CDAC	0x1002CDBF	thumb	func_802CDAC
0x1002CDC0	0x1002CDFB	thumb	func_802CDC0
0x1002CDFC	0x1002CE0F	thumb	func_802CDFC
0x1002CE10	0x1002CE23	thumb	func_802CE10
0x1002CE24	0x1002CE5B	thumb	func_802CE24
0x1002CE5C	0x1002CE6F	thumb	func_802CE5C
0x1002CE70	0x1002CE83	thumb	func_802CE70
0x1002CE84	0x1002CEAF	thumb	func_802CE84
0x1002CEB0	0x1002CEC3	thumb	func_802CEB0
0x1002CEC4	0x1002CED7	thumb	func_802CEC4
0x1002CED8	0x1002CEF7	thumb	func_802CED8
0x1002CEF8	0x1002CF13	thumb	func_802CEF8
0x1002CF14	0x1002CF27	thumb	func_802CF14
0x1002CF28	0x1002CF3B	thumb	func_802CF28
0x1002CF3C	0x1002CF5B	thumb	func_802CF3C
0x1002CF5C	0x1002CF6F	thumb	func_802CF5C
0x1002CF70	0x1002CF83	thumb	func_802CF70
0x1002CF84	0x1002CF9B	thumb	func_802CF84
0x1002CF9C	0x1002CFBB	thumb	func_802CF9C
0x1002CFBC	0x1002CFFF	thumb	func_802CFBC
0x1002D000	0x1002D033	thumb	func_802D000
0x1002D034	0x1002D0BF	thumb	func_802D034
0x1002D0C0	0x1002D12B	thumb	func_802D0C0
0x1002D12C	0x1002D187	thumb	func_802D12C
0x1002D188	0x1002D1AB	thumb	func_802D188
0x1002D1AC	0x1002D1CB	thumb	func_802D1AC
0x1002D1CC	0x1002D23F	thumb	func_802D1CC
0x1002D240	0x00000000	thumb	func_802D240
0x1002D6D0	0x1002D737	thumb	func_802D6D0
0x1002D738	0x1002D75B	thumb	func_802D738
0x1002D75C	0x1002D8B3	thumb	func_802D75C
0x1002D8B4	0x1002D8D3	thumb	func_802D8B4
0x1002D8D4	0x1002D97F	thumb	func_802D8D4
0x1002D980	0x1002D9A7	thumb	func_802D980
0x1002D9A8	0x1002DA03	thumb	func_802D9A8
0x1002DA04	0x1002DA23	thumb	func_802DA04
0x1002DA24	0x1002DA47	thumb	func_802DA24
0x1002DA48	0x1002DAAB	thumb	func_802DA48
0x1002DAAC	0x1002DACB	thumb	func_802DAAC
0x1002DACC	0x1002DAF3	thumb	func_802DACC
0x1002DAF4	0x1002DB43	thumb	func_802DAF4
0x1002DB44	0x1002DB57	thumb	func_802DB44
0x1002DB58	0x1002DB6B	thumb	func_802DB58
0x1002DB6C	0x1002DBA7	thumb	func_802DB6C
0x1002DBA8	0x1002DBBB	thumb	func_802DBA8
0x1002DBBC	0x1002DBCF	thumb	func_802DBBC
0x1002DBD0	0x1002DBFB	thumb	func_802DBD0
0x1002DBFC	0x1002DC2B	thumb	func_802DBFC
0x1002DC2C	0x1002DC5B	thumb	func_802DC2C
0x1002DC5C	0x1002DC7F	thumb	func_802DC5C
0x1002DC80	0x1002DC93	thumb	func_802DC80
0x1002DC94	0x1002DCA7	thumb	func_802DC94
0x1002DCA8	0x1002DD37	thumb	func_802DCA8
0x1002DD38	0x1002DD43	thumb	func_802DD38
0x1002DD44	0x1002DD7B	thumb	func_802DD44
0x1002DD7C	0x1002DD8F	thumb	func_802DD7C
0x1002DD90	0x1002DDA3	thumb	func_802DD90
0x1002DDA4	0x1002DDCF	thumb	func_802DDA4
0x1002DDD0	0x1002DDE3	thumb	func_802DDD0
0x1002DDE4	0x1002DDF7	thumb	func_802DDE4
0x1002DDF8	0x1002DE27	thumb	func_802DDF8
0x1002DE28	0x1002DECB	thumb	func_802DE28
0x1002DECC	0x1002DF57	thumb	func_802DECC
0x1002DF58	0x1002DF6F	thumb	func_802DF58
0x1002DF70	0x1002DF83	thumb	func_802DF70
0x1002DF84	0x1002DF97	thumb	func_802DF84
0x1002DF98	0x1002DFB3	thumb	func_802DF98
0x1002DFB4	0x1002DFC7	thumb	func_802DFB4
0x1002DFC8	0x1002DFDB	thumb	func_802DFC8
0x1002DFDC	0x1002DFF3	thumb	func_802DFDC
0x1002DFF4	0x1002E05B	thumb	func_802DFF4
0x1002E05C	0x1002E077	thumb	func_802E05C
0x1002E078	0x1002E11F	thumb	func_802E078
0x1002E120	0x1002E14F	thumb	func_802E120
0x1002E150	0x1002E18B	thumb	func_802E150
0x1002E18C	0x1002E1BF	thumb	func_802E18C
0x1002E1C0	0x1002E1FB	thumb	func_802E1C0
0x1002E1FC	0x1002E22F	thumb	func_802E1FC
0x1002E230	0x1002E2AB	thumb	func_802E230
0x1002E2AC	0x1002E2EF	thumb	func_802E2AC
0x1002E2F0	0x00000000	thumb	func_802E2F0
0x1002E8BC	0x1002EA0B	thumb	func_802E8BC
0x1002EA0C	0x1002EA97	thumb	func_802EA0C
0x1002EA98	0x1002EB27	thumb	func_802EA98
0x1002EB28	0x1002EBB7	thumb	func_802EB28
0x1002EBB8	0x1002ED67	thumb	func_802EBB8
0x1002ED68	0x1002ED9F	thumb	func_802ED68
0x1002EDA0	0x1002EDE3	thumb	func_802EDA0
0x1002EDE4	0x1002EE17	thumb	func_802EDE4
0x1002EE18	0x1002EE9F	thumb	func_802EE18
0x1002EEA0	0x1002EF0F	thumb	func_802EEA0
0x1002EF10	0x1002EFD7	thumb	func_802EF10
0x1002EFD8	0x1002F097	thumb	func_802EFD8
0x1002F098	0x1002F1DF	thumb	func_802F098
0x1002F1E0	0x1002F217	thumb	func_802F1E0
0x1002F218	0x1002F3C7	thumb	func_802F218
0x1002F3C8	0x1002F49F	thumb	func_802F3C8
0x1002F4A0	0x1002F59F	thumb	func_802F4A0
0x1002F5A0	0x1002F64B	thumb	func_802F5A0
0x1002F64C	0x1002F73B	thumb	func_802F64C
0x1002F73C	0x1002FA6B	thumb	func_802F73C
0x1002FA6C	0x1002FB13	thumb	func_802FA6C
0x1002FB14	0x1002FBB3	thumb	func_802FB14
0x1002FBB4	0x1002FCCF	thumb	func_802FBB4
0x1002FCD0	0x1002FDFB	thumb	func_802FCD0
0x1002FDFC	0x1002FE17	thumb	func_802FDFC
0x1002FE18	0x1002FEB7	thumb	func_802FE18
0x1002FEB8	0x1002FEFB	thumb	func_802FEB8
0x1002FEFC	0x1002FF1F	thumb	func_802FEFC
0x1002FF20	0x1002FF4B	thumb	func_802FF20
0x1002FF4C	0x1002FFEB	thumb	func_802FF4C
0x1002FFEC	0x10030013	thumb	func_802FFEC
0x10030014	0x1003003B	thumb	func_8030014
0x1003003C	0x1003015B	thumb	func_803003C
0x1003015C	0x10030183	thumb	func_803015C
0x10030184	0x100301AB	thumb	func_8030184
0x100301AC	0x1003022F	thumb	func_80301AC
0x10030230	0x10030277	thumb	func_8030230
0x10030278	0x100302FB	thumb	func_8030278
0x100302FC	0x1003034B	thumb	func_80302FC
0x1003034C	0x10030387	thumb	func_803034C
0x10030388	0x100303C7	thumb	func_8030388
0x100303C8	0x10030407	thumb	func_80303C8
0x10030408	0x1003043B	thumb	func_8030408
0x1003043C	0x1003046F	thumb	func_803043C
0x10030470	0x100304DF	thumb	func_8030470
0x100304E0	0x100305C3	thumb	func_80304E0
0x100305C4	0x100305CF	thumb	func_80305C4
0x100305D0	0x100306BB	thumb	func_80305D0
0x100306BC	0x10030713	thumb	func_80306BC
0x10030714	0x1003074B	thumb	func_8030714
0x1003074C	0x100307B7	thumb	func_803074C
0x100307B8	0x100307F7	thumb	func_80307B8
0x100307F8	0x1003086B	thumb	func_80307F8
0x1003086C	0x100308E3	thumb	func_803086C
0x100308E4	0x10030937	thumb	func_80308E4
0x10030938	0x100309AF	thumb	func_8030938
0x100309B0	0x10030A2B	thumb	func_80309B0
0x10030A2C	0x10030A6F	thumb	func_8030A2C
0x10030A70	0x10030AFF	thumb	func_8030A70
0x10030B00	0x10030B3F	thumb	func_8030B00
0x10030B40	0x10030B87	thumb	func_8030B40
0x10030B88	0x10030BA7	thumb	func_8030B88
0x10030BA8	0x10030BBB	thumb	func_8030BA8
0x10030BBC	0x10030BCF	thumb	func_8030BBC
0x10030BD0	0x10030BE3	thumb	func_8030BD0
0x10030BE4	0x10030C13	thumb	func_8030BE4
0x10030C14	0x10030C27	thumb	func_8030C14
0x10030C28	0x10030C3B	thumb	func_8030C28
0x10030C3C	0x10030C53	thumb	func_8030C3C
0x10030C54	0x10030C67	thumb	func_8030C54
0x10030C68	0x10030C7B	thumb	func_8030C68
0x10030C7C	0x10030C93	thumb	func_8030C7C
0x10030C94	0x10030CAB	thumb	func_8030C94
0x10030CAC	0x10030CC7	thumb	func_8030CAC
0x10030CC8	0x10030CE3	thumb	func_8030CC8
0x10030CE4	0x10030D7B	thumb	func_8030CE4
0x10030D7C	0x10030DA3	thumb	func_8030D7C
0x10030DA4	0x10030EB3	thumb	func_8030DA4
0x10030EB4	0x10030EF3	thumb	func_8030EB4
0x10030EF4	0x10030F1F	thumb	func_8030EF4
0x10030F20	0x10030F4B	thumb	func_8030F20
0x10030F4C	0x10030F6B	thumb	func_8030F4C
0x10030F6C	0x10030F8B	thumb	func_8030F6C
0x10030F8C	0x10030FAF	thumb	func_8030F8C
0x10030FB0	0x10030FCB	thumb	func_8030FB0
0x10030FCC	0x1003104F	thumb	func_8030FCC
0x10031050	0x1003106F	thumb	func_8031050
0x10031070	0x100310EF	thumb	func_8031070
0x100310F0	0x1003111B	thumb	func_80310F0
0x1003111C	0x100311DB	thumb	func_803111C
0x100311DC	0x1003123F	thumb	func_80311DC
0x10031240	0x00000000	thumb	func_8031240
0x10032320	0x1003238B	thumb	func_8032320
0x1003238C	0x100323AF	thumb	func_803238C
0x100323B0	0x100324FB	thumb	func_80323B0
0x100324FC	0x10032523	thumb	func_80324FC
0x10032524	0x100325A3	thumb	func_8032524
0x100325A4	0x100325DB	thumb	func_80325A4
0x100325DC	0x100325EF	thumb	func_80325DC
0x100325F0	0x10032603	thumb	func_80325F0
0x10032604	0x1003262B	thumb	func_8032604
0x1003262C	0x10032687	thumb	func_803262C
0x10032688	0x100327CB	thumb	func_8032688
0x100327CC	0x100327F7	thumb	func_80327CC
0x100327F8	0x10032823	thumb	func_80327F8
0x10032824	0x1003295F	thumb	func_8032824
0x10032960	0x10032987	thumb	func_8032960
0x10032988	0x100329AB	thumb	func_8032988
0x100329AC	0x10032A23	thumb	func_80329AC
0x10032A24	0x10032A43	thumb	func_8032A24
0x10032A44	0x10032A6B	thumb	func_8032A44
0x10032A6C	0x10032AE3	thumb	func_8032A6C
0x10032AE4	0x10032AF7	thumb	func_8032AE4
0x10032AF8	0x10032B0B	thumb	func_8032AF8
0x10032B0C	0x10032B6F	thumb	func_8032B0C
0x10032B70	0x10032B83	thumb	func_8032B70
0x10032B84	0x10032B97	thumb	func_8032B84
0x10032B98	0x10032BCB	thumb	func_8032B98
0x10032BCC	0x10032BDF	thumb	func_8032BCC
0x10032BE0	0x10032BF3	thumb	func_8032BE0
0x10032BF4	0x10032C23	thumb	func_8032BF4
0x10032C24	0x10032C37	thumb	func_8032C24
0x10032C38	0x10032C4B	thumb	func_8032C38
0x10032C4C	0x10032C6F	thumb	func_8032C4C
0x10032C70	0x10032C83	thumb	func_8032C70
0x10032C84	0x10032C97	thumb	func_8032C84
0x10032C98	0x10032D13	thumb	func_8032C98
0x10032D14	0x10032D4B	thumb	func_8032D14
0x10032D4C	0x10032D77	thumb	func_8032D4C
0x10032D78	0x10032D8B	thumb	func_8032D78
0x10032D8C	0x10032D9F	thumb	func_8032D8C
0x10032DA0	0x10032DCF	thumb	func_8032DA0
0x10032DD0	0x10032E5B	thumb	func_8032DD0
0x10032E5C	0x10032E73	thumb	func_8032E5C
0x10032E74	0x10032E87	thumb	func_8032E74
0x10032E88	0x10032E9B	thumb	func_8032E88
0x10032E9C	0x10032EB7	thumb	func_8032E9C
0x10032EB8	0x10032ECB	thumb	func_8032EB8
0x10032ECC	0x00000000	thumb	func_8032ECC
0x100332C8	0x10033327	thumb	func_80332C8
0x10033328	0x10033357	thumb	func_8033328
0x10033358	0x10033387	thumb	func_8033358
0x10033388	0x100333D3	thumb	func_8033388
0x100333D4	0x10033403	thumb	func_80333D4
0x10033404	0x10033423	thumb	func_8033404
0x10033424	0x10033493	thumb	func_8033424
0x10033494	0x1003353F	thumb	func_8033494
0x10033540	0x1003356F	thumb	func_8033540
0x10033570	0x00000000	thumb	func_8033570
0x10033684	0x100336B3	thumb	func_8033684
0x100336B4	0x100336DF	thumb	func_80336B4
0x100336E0	0x10033707	thumb	func_80336E0
0x10033708	0x10033773	thumb	func_8033708
0x10033774	0x10033867	thumb	func_8033774
0x10033868	0x1003398F	thumb	func_8033868
0x10033990	0x100339BF	thumb	func_8033990
0x100339C0	0x10033A67	thumb	func_80339C0
0x10033A68	0x10033AAB	thumb	func_8033A68
0x10033AAC	0x10033ABF	thumb	func_8033AAC
0x10033AC0	0x10033AD3	thumb	func_8033AC0
0x10033AD4	0x10033B03	thumb	func_8033AD4
0x10033B04	0x10033B4F	thumb	func_8033B04
0x10033B50	0x10033B73	thumb	func_8033B50
0x10033B74	0x10033BC7	thumb	func_8033B74
0x10033BC8	0x10033BF7	thumb	func_8033BC8
0x10033BF8	0x10033C2B	thumb	func_8033BF8
0x10033C2C	0x10033CA3	thumb	func_8033C2C
0x10033CA4	0x10033CB7	thumb	func_8033CA4
0x10033CB8	0x10033CCB	thumb	func_8033CB8
0x10033CCC	0x10033D2F	thumb	func_8033CCC
0x10033D30	0x10033D43	thumb	func_8033D30
0x10033D44	0x10033D57	thumb	func_8033D44
0x10033D58	0x10033D8B	thumb	func_8033D58
0x10033D8C	0x10033D9F	thumb	func_8033D8C
0x10033DA0	0x10033DB3	thumb	func_8033DA0
0x10033DB4	0x10033DE3	thumb	func_8033DB4
0x10033DE4	0x10033DF7	thumb	func_8033DE4
0x10033DF8	0x10033E0B	thumb	func_8033DF8
0x10033E0C	0x10033E3B	thumb	func_8033E0C
0x10033E3C	0x10033E4F	thumb	func_8033E3C
0x10033E50	0x10033E63	thumb	func_8033E50
0x10033E64	0x10033EC7	thumb	func_8033E64
0x10033EC8	0x10033EFF	thumb	func_8033EC8
0x10033F00	0x10033F37	thumb	func_8033F00
0x10033F38	0x10033F4B	thumb	func_8033F38
0x10033F4C	0x10033F5F	thumb	func_8033F4C
0x10033F60	0x10033FA7	thumb	func_8033F60
0x10033FA8	0x10034033	thumb	func_8033FA8
0x10034034	0x100340AB	thumb	func_8034034
0x100340AC	0x100340C3	thumb	func_80340AC
0x100340C4	0x100340D7	thumb	func_80340C4
0x100340D8	0x100340EB	thumb	func_80340D8
0x100340EC	0x10034107	thumb	func_80340EC
0x10034108	0x1003411B	thumb	func_8034108
0x1003411C	0x1003412F	thumb	func_803411C
0x10034130	0x100341A3	thumb	func_8034130
0x100341A4	0x10034233	thumb	func_80341A4
0x10034234	0x00000000	thumb	func_8034234
0x100346F4	0x1003475F	thumb	func_80346F4
0x10034760	0x10034797	thumb	func_8034760
0x10034798	0x100347B7	thumb	func_8034798
0x100347B8	0x100348DB	thumb	func_80347B8
0x100348DC	0x10034903	thumb	func_80348DC
0x10034904	0x10034967	thumb	func_8034904
0x10034968	0x1003498B	thumb	func_8034968
0x1003498C	0x100349FB	thumb	func_803498C
0x100349FC	0x10034A1F	thumb	func_80349FC
0x10034A20	0x10034AC3	thumb	func_8034A20
0x10034AC4	0x10034AE3	thumb	func_8034AC4
0x10034AE4	0x10034B0B	thumb	func_8034AE4
0x10034B0C	0x10034B93	thumb	func_8034B0C
0x10034B94	0x10034BA7	thumb	func_8034B94
0x10034BA8	0x10034BBB	thumb	func_8034BA8
0x10034BBC	0x10034C2F	thumb	func_8034BBC
0x10034C30	0x10034C43	thumb	func_8034C30
0x10034C44	0x10034C57	thumb	func_8034C44
0x10034C58	0x10034C9B	thumb	func_8034C58
0x10034C9C	0x10034CAF	thumb	func_8034C9C
0x10034CB0	0x10034CC3	thumb	func_8034CB0
0x10034CC4	0x10034D07	thumb	func_8034CC4
0x10034D08	0x10034D1B	thumb	func_8034D08
0x10034D1C	0x10034D2F	thumb	func_8034D1C
0x10034D30	0x10034D53	thumb	func_8034D30
0x10034D54	0x10034D67	thumb	func_8034D54
0x10034D68	0x10034D7B	thumb	func_8034D68
0x10034D7C	0x10034DE3	thumb	func_8034D7C
0x10034DE4	0x10034E23	thumb	func_8034DE4
0x10034E24	0x10034E6F	thumb	func_8034E24
0x10034E70	0x10034E83	thumb	func_8034E70
0x10034E84	0x10034E97	thumb	func_8034E84
0x10034E98	0x10034ED7	thumb	func_8034E98
0x10034ED8	0x10034EEB	thumb	func_8034ED8
0x10034EEC	0x10034EFF	thumb	func_8034EEC
0x10034F00	0x10034F23	thumb	func_8034F00
0x10034F24	0x00000000	thumb	func_8034F24
0x100352B0	0x1003530B	thumb	func_80352B0
0x1003530C	0x10035347	thumb	func_803530C
0x10035348	0x1003536F	thumb	func_8035348
0x10035370	0x100354D7	thumb	func_8035370
0x100354D8	0x100354FB	thumb	func_80354D8
0x100354FC	0x100355C3	thumb	func_80354FC
0x100355C4	0x00000000	thumb	func_80355C4
0x10035668	0x100356BB	thumb	func_8035668
0x100356BC	0x100356EB	thumb	func_80356BC
0x100356EC	0x1003572B	thumb	func_80356EC
0x1003572C	0x1003578F	thumb	func_803572C
0x10035790	0x100357B7	thumb	func_8035790
0x100357B8	0x10035977	thumb	func_80357B8
0x10035978	0x10035997	thumb	func_8035978
0x10035998	0x10035A33	thumb	func_8035998
0x10035A34	0x10035A63	thumb	func_8035A34
0x10035A64	0x10035ADF	thumb	func_8035A64
0x10035AE0	0x10035AFF	thumb	func_8035AE0
0x10035B00	0x10035B5B	thumb	func_8035B00
0x10035B5C	0x10035B87	thumb	func_8035B5C
0x10035B88	0x10035BE7	thumb	func_8035B88
0x10035BE8	0x10035C0B	thumb	func_8035BE8
0x10035C0C	0x10035CCF	thumb	func_8035C0C
0x10035CD0	0x10035D0F	thumb	func_8035CD0
0x10035D10	0x10035D2B	thumb	func_8035D10
0x10035D2C	0x10035DAB	thumb	func_8035D2C
0x10035DAC	0x10035DBF	thumb	func_8035DAC
0x10035DC0	0x10035DD3	thumb	func_8035DC0
0x10035DD4	0x10035E3F	thumb	func_8035DD4
0x10035E40	0x10035E53	thumb	func_8035E40
0x10035E54	0x10035E67	thumb	func_8035E54
0x10035E68	0x10035E8F	thumb	func_8035E68
0x10035E90	0x10035EF3	thumb	func_8035E90
0x10035EF4	0x10035F27	thumb	func_8035EF4
0x10035F28	0x10035F8B	thumb	func_8035F28
0x10035F8C	0x10035FBF	thumb	func_8035F8C
0x10035FC0	0x10035FFF	thumb	func_8035FC0
0x10036000	0x10036013	thumb	func_8036000
0x10036014	0x10036053	thumb	func_8036014
0x10036054	0x10036067	thumb	func_8036054
0x10036068	0x100360A7	thumb	func_8036068
0x100360A8	0x100360BF	thumb	func_80360A8
0x100360C0	0x100360D3	thumb	func_80360C0
0x100360D4	0x100360E7	thumb	func_80360D4
0x100360E8	0x1003615B	thumb	func_80360E8
0x1003615C	0x10036193	thumb	func_803615C
0x10036194	0x100361BB	thumb	func_8036194
0x100361BC	0x100361CF	thumb	func_80361BC
0x100361D0	0x100361E3	thumb	func_80361D0
0x100361E4	0x10036203	thumb	func_80361E4
0x10036204	0x10036217	thumb	func_8036204
0x10036218	0x1003622B	thumb	func_8036218
0x1003622C	0x10036273	thumb	func_803622C
0x10036274	0x100362FF	thumb	func_8036274
0x10036300	0x10036317	thumb	func_8036300
0x10036318	0x1003632B	thumb	func_8036318
0x1003632C	0x1003633F	thumb	func_803632C
0x10036340	0x1003635B	thumb	func_8036340
0x1003635C	0x1003636F	thumb	func_803635C
0x10036370	0x10036383	thumb	func_8036370
0x10036384	0x100363FF	thumb	func_8036384
0x10036400	0x1003641F	thumb	func_8036400
0x10036420	0x1003643B	thumb	func_8036420
0x1003643C	0x1003645B	thumb	func_803643C
0x1003645C	0x100364A3	thumb	func_803645C
0x100364A4	0x100364CF	thumb	func_80364A4
0x100364D0	0x10036513	thumb	func_80364D0
0x10036514	0x10036527	thumb	func_8036514
0x10036528	0x00000000	thumb	func_8036528
0x10036C94	0x10036CF7	thumb	func_8036C94
0x10036CF8	0x10036D43	thumb	func_8036CF8
0x10036D44	0x10036D7F	thumb	func_8036D44
0x10036D80	0x10036E03	thumb	func_8036D80
0x10036E04	0x10036E27	thumb	func_8036E04
0x10036E28	0x10036E47	thumb	func_8036E28
0x10036E48	0x10036E83	thumb	func_8036E48
0x10036E84	0x10036EBB	thumb	func_8036E84
0x10036EBC	0x10036F03	thumb	func_8036EBC
0x10036F04	0x10036F27	thumb	func_8036F04
0x10036F28	0x10036F93	thumb	func_8036F28
0x10036F94	0x10036FAF	thumb	func_8036F94
0x10036FB0	0x00000000	thumb	func_8036FB0
0x10037128	0x1003716F	thumb	func_8037128
0x10037170	0x100371A7	thumb	func_8037170
0x100371A8	0x100371D7	thumb	func_80371A8
0x100371D8	0x10037203	thumb	func_80371D8
0x10037204	0x10037253	thumb	func_8037204
0x10037254	0x10037267	thumb	func_8037254
0x10037268	0x1003727B	thumb	func_8037268
0x1003727C	0x00000000	thumb	func_803727C
0x100374AC	0x10037507	thumb	func_80374AC
0x10037508	0x10037553	thumb	func_8037508
0x10037554	0x100375C3	thumb	func_8037554
0x100375C4	0x1003760F	thumb	func_80375C4
0x10037610	0x1003762F	thumb	func_8037610
0x10037630	0x1003764B	thumb	func_8037630
0x1003764C	0x1003766B	thumb	func_803764C
0x1003766C	0x10037713	thumb	func_803766C
0x10037714	0x10037747	thumb	func_8037714
0x10037748	0x10037773	thumb	func_8037748
0x10037774	0x100377E3	thumb	func_8037774
0x100377E4	0x00000000	thumb	func_80377E4
0x10037BF8	0x10037C63	thumb	func_8037BF8
0x10037C64	0x10037C93	thumb	func_8037C64
0x10037C94	0x10037CDB	thumb	func_8037C94
0x10037CDC	0x10037D0F	thumb	func_8037CDC
0x10037D10	0x10037DEF	thumb	func_8037D10
0x10037DF0	0x10037E5B	thumb	func_8037DF0
0x10037E5C	0x10037EAF	thumb	func_8037E5C
0x10037EB0	0x10037F03	thumb	func_8037EB0
0x10037F04	0x10037F4B	thumb	func_8037F04
0x10037F4C	0x00000000	thumb	func_8037F4C
0x10038014	0x10038063	thumb	func_8038014
0x10038064	0x100380DB	thumb	func_8038064
0x100380DC	0x10038173	thumb	func_80380DC
0x10038174	0x100381F3	thumb	func_8038174
0x100381F4	0x1003828B	thumb	func_80381F4
0x1003828C	0x10038447	thumb	func_803828C
0x10038448	0x100385A3	thumb	func_8038448
0x100385A4	0x00000000	thumb	func_80385A4
0x10038824	0x10038877	thumb	func_8038824
0x10038878	0x10038897	thumb	func_8038878
0x10038898	0x100389E3	thumb	func_8038898
0x100389E4	0x10038A03	thumb	func_80389E4
0x10038A04	0x10038A7F	thumb	func_8038A04
0x10038A80	0x10038AB7	thumb	func_8038A80
0x10038AB8	0x10038ACB	thumb	func_8038AB8
0x10038ACC	0x10038ADF	thumb	func_8038ACC
0x10038AE0	0x10038AFF	thumb	func_8038AE0
0x10038B00	0x10038B8F	thumb	func_8038B00
0x10038B90	0x10038BAF	thumb	func_8038B90
0x10038BB0	0x10038BD7	thumb	func_8038BB0
0x10038BD8	0x10038CB3	thumb	func_8038BD8
0x10038CB4	0x10038CD3	thumb	func_8038CB4
0x10038CD4	0x10038CFB	thumb	func_8038CD4
0x10038CFC	0x10038D4B	thumb	func_8038CFC
0x10038D4C	0x10038D5F	thumb	func_8038D4C
0x10038D60	0x10038D73	thumb	func_8038D60
0x10038D74	0x10038DAF	thumb	func_8038D74
0x10038DB0	0x10038DC3	thumb	func_8038DB0
0x10038DC4	0x10038DD7	thumb	func_8038DC4
0x10038DD8	0x10038E07	thumb	func_8038DD8
0x10038E08	0x10038E1B	thumb	func_8038E08
0x10038E1C	0x10038E2F	thumb	func_8038E1C
0x10038E30	0x10038E53	thumb	func_8038E30
0x10038E54	0x10038E67	thumb	func_8038E54
0x10038E68	0x10038E7B	thumb	func_8038E68
0x10038E7C	0x10038EC7	thumb	func_8038E7C
0x10038EC8	0x10038ED3	thumb	func_8038EC8
0x10038ED4	0x10038EFF	thumb	func_8038ED4
0x10038F00	0x10038F13	thumb	func_8038F00
0x10038F14	0x10038F27	thumb	func_8038F14
0x10038F28	0x10038F4F	thumb	func_8038F28
0x10038F50	0x10038FDB	thumb	func_8038F50
0x10038FDC	0x10038FF3	thumb	func_8038FDC
0x10038FF4	0x10039007	thumb	func_8038FF4
0x10039008	0x1003901B	thumb	func_8039008
0x1003901C	0x10039037	thumb	func_803901C
0x10039038	0x1003904B	thumb	func_8039038
0x1003904C	0x1003905F	thumb	func_803904C
0x10039060	0x100390DF	thumb	func_8039060
0x100390E0	0x100390FF	thumb	func_80390E0
0x10039100	0x10039113	thumb	func_8039100
0x10039114	0x00000000	thumb	func_8039114
0x10039510	0x1003954F	thumb	func_8039510
0x10039550	0x100395AB	thumb	func_8039550
0x100395AC	0x1003962B	thumb	func_80395AC
0x1003962C	0x100397BB	thumb	func_803962C
0x100397BC	0x100397E7	thumb	func_80397BC
0x100397E8	0x1003981B	thumb	func_80397E8
0x1003981C	0x1003986B	thumb	func_803981C
0x1003986C	0x100398F3	thumb	func_803986C
0x100398F4	0x10039A3B	thumb	func_80398F4
0x10039A3C	0x10039AB3	thumb	func_8039A3C
0x10039AB4	0x10039B3F	thumb	func_8039AB4
0x10039B40	0x10039C1F	thumb	func_8039B40
0x10039C20	0x10039CCB	thumb	func_8039C20
0x10039CCC	0x10039D97	thumb	func_8039CCC
0x10039D98	0x10039DFB	thumb	func_8039D98
0x10039DFC	0x00000000	thumb	func_8039DFC
0x10039F3C	0x10039F87	thumb	func_8039F3C
0x10039F88	0x10039FA7	thumb	func_8039F88
0x10039FA8	0x1003A0CF	thumb	func_8039FA8
0x1003A0D0	0x1003A0EF	thumb	func_803A0D0
0x1003A0F0	0x1003A157	thumb	func_803A0F0
0x1003A158	0x1003A17F	thumb	func_803A158
0x1003A180	0x1003A1A7	thumb	func_803A180
0x1003A1A8	0x1003A283	thumb	func_803A1A8
0x1003A284	0x1003A2AB	thumb	func_803A284
0x1003A2AC	0x1003A2D3	thumb	func_803A2AC
0x1003A2D4	0x1003A34F	thumb	func_803A2D4
0x1003A350	0x1003A363	thumb	func_803A350
0x1003A364	0x1003A377	thumb	func_803A364
0x1003A378	0x1003A3DF	thumb	func_803A378
0x1003A3E0	0x1003A3F3	thumb	func_803A3E0
0x1003A3F4	0x1003A407	thumb	func_803A3F4
0x1003A408	0x1003A43B	thumb	func_803A408
0x1003A43C	0x1003A44F	thumb	func_803A43C
0x1003A450	0x1003A463	thumb	func_803A450
0x1003A464	0x1003A487	thumb	func_803A464
0x1003A488	0x1003A49B	thumb	func_803A488
0x1003A49C	0x1003A4AF	thumb	func_803A49C
0x1003A4B0	0x1003A52B	thumb	func_803A4B0
0x1003A52C	0x1003A56B	thumb	func_803A52C
0x1003A56C	0x1003A5A3	thumb	func_803A56C
0x1003A5A4	0x1003A5B7	thumb	func_803A5A4
0x1003A5B8	0x1003A5CB	thumb	func_803A5B8
0x1003A5CC	0x1003A5F7	thumb	func_803A5CC
0x1003A5F8	0x1003A60B	thumb	func_803A5F8
0x1003A60C	0x1003A61F	thumb	func_803A60C
0x1003A620	0x1003A673	thumb	func_803A620
0x1003A674	0x1003A753	thumb	func_803A674
0x1003A754	0x1003A76B	thumb	func_803A754
0x1003A76C	0x1003A77F	thumb	func_803A76C
0x1003A780	0x1003A793	thumb	func_803A780
0x1003A794	0x1003A7AF	thumb	func_803A794
0x1003A7B0	0x1003A7C3	thumb	func_803A7B0
0x1003A7C4	0x00000000	thumb	func_803A7C4
0x1003AB4C	0x1003ABD7	thumb	func_803AB4C
0x1003ABD8	0x1003AC37	thumb	func_803ABD8
0x1003AC38	0x1003AD2B	thumb	func_803AC38
0x1003AD2C	0x1003AE2F	thumb	func_803AD2C
0x1003AE30	0x1003AF4F	thumb	func_803AE30
0x1003AF50	0x1003AFE3	thumb	func_803AF50
0x1003AFE4	0x1003B09F	thumb	func_803AFE4
0x1003B0A0	0x1003B13B	thumb	func_803B0A0
0x1003B13C	0x1003B163	thumb	func_803B13C
0x1003B164	0x1003B1F7	thumb	func_803B164
0x1003B1F8	0x1003B29F	thumb	func_803B1F8
0x1003B2A0	0x1003B2EB	thumb	func_803B2A0
0x1003B2EC	0x1003B36B	thumb	func_803B2EC
0x1003B36C	0x1003B3DF	thumb	func_803B36C
0x1003B3E0	0x1003B453	thumb	func_803B3E0
0x1003B454	0x1003B49B	thumb	func_803B454
0x1003B49C	0x1003B537	thumb	func_803B49C
0x1003B538	0x1003B607	thumb	func_803B538
0x1003B608	0x1003B67F	thumb	func_803B608
0x1003B680	0x1003B6C7	thumb	func_803B680
0x1003B6C8	0x00000000	thumb	func_803B6C8
0x1003B9D8	0x1003B9FB	thumb	func_803B9D8
0x1003B9FC	0x1003BA63	thumb	func_803B9FC
0x1003BA64	0x1003BA93	thumb	func_803BA64
0x1003BA94	0x1003BAF3	thumb	func_803BA94
0x1003BAF4	0x1003BB4F	thumb	func_803BAF4
0x1003BB50	0x1003BBD3	thumb	func_803BB50
0x1003BBD4	0x1003BCB7	thumb	func_803BBD4
0x1003BCB8	0x1003C29F	thumb	func_803BCB8
0x1003C2A0	0x1003C3B3	thumb	func_803C2A0
0x1003C3B4	0x1003C40B	thumb	func_803C3B4
0x1003C40C	0x1003C463	thumb	func_803C40C
0x1003C464	0x1003C4DB	thumb	func_803C464
0x1003C4DC	0x1003C54F	thumb	func_803C4DC
0x1003C550	0x1003C5BF	thumb	func_803C550
0x1003C5C0	0x1003C627	thumb	func_803C5C0
0x1003C628	0x1003C653	thumb	func_803C628
0x1003C654	0x1003C6BB	thumb	func_803C654
0x1003C6BC	0x1003C6F7	thumb	func_803C6BC
0x1003C6F8	0x1003C753	thumb	func_803C6F8
0x1003C754	0x1003C7AF	thumb	func_803C754
0x1003C7B0	0x1003C80B	thumb	func_803C7B0
0x1003C80C	0x1003C867	thumb	func_803C80C
0x1003C868	0x1003C8BF	thumb	func_803C868
0x1003C8C0	0x1003C91B	thumb	func_803C8C0
0x1003C91C	0x1003C977	thumb	func_803C91C
0x1003C978	0x1003C9D3	thumb	func_803C978
0x1003C9D4	0x1003CA2F	thumb	func_803C9D4
0x1003CA30	0x1003CA87	thumb	func_803CA30
0x1003CA88	0x1003CB23	thumb	func_803CA88
0x1003CB24	0x1003CBBF	thumb	func_803CB24
0x1003CBC0	0x1003CC73	thumb	func_803CBC0
0x1003CC74	0x1003CD27	thumb	func_803CC74
0x1003CD28	0x1003CDCF	thumb	func_803CD28
0x1003CDD0	0x1003CE77	thumb	func_803CDD0
0x1003CE78	0x1003CF6F	thumb	func_803CE78
0x1003CF70	0x1003D067	thumb	func_803CF70
0x1003D068	0x1003D15F	thumb	func_803D068
0x1003D160	0x00000000	thumb	func_803D160
0x1003DF78	0x1003DFD3	thumb	func_803DF78
0x1003DFD4	0x1003E05B	thumb	func_803DFD4
0x1003E05C	0x1003E07B	thumb	func_803E05C
0x1003E07C	0x1003E0AB	thumb	func_803E07C
0x1003E0AC	0x1003E0FB	thumb	func_803E0AC
0x1003E0FC	0x1003E10F	thumb	func_803E0FC
0x1003E110	0x1003E123	thumb	func_803E110
0x1003E124	0x1003E177	thumb	func_803E124
0x1003E178	0x1003E18B	thumb	func_803E178
0x1003E18C	0x1003E19F	thumb	func_803E18C
0x1003E1A0	0x1003E1C3	thumb	func_803E1A0
0x1003E1C4	0x1003E1D7	thumb	func_803E1C4
0x1003E1D8	0x1003E1EB	thumb	func_803E1D8
0x1003E1EC	0x1003E26F	thumb	func_803E1EC
0x1003E270	0x1003E2F3	thumb	func_803E270
0x1003E2F4	0x1003E32B	thumb	func_803E2F4
0x1003E32C	0x00000000	thumb	func_803E32C
0x1003EC78	0x00000000	thumb	func_803EC78
0x1003ECFC	0x1003ED5B	thumb	func_803ECFC
0x1003ED5C	0x1003ED87	thumb	func_803ED5C
0x1003ED88	0x1003EDA7	thumb	func_803ED88
0x1003EDA8	0x1003EDC3	thumb	func_803EDA8
0x1003EDC4	0x1003EDE3	thumb	func_803EDC4
0x1003EDE4	0x1003EE8B	thumb	func_803EDE4
0x1003EE8C	0x1003EECB	thumb	func_803EE8C
0x1003EECC	0x1003EEDF	thumb	func_803EECC
0x1003EEE0	0x00000000	thumb	func_803EEE0
0x1003F214	0x1003F263	thumb	func_803F214
0x1003F264	0x1003F2B3	thumb	func_803F264
0x1003F2B4	0x1003F31F	thumb	func_803F2B4
0x1003F320	0x1003F413	thumb	func_803F320
0x1003F414	0x1003F527	thumb	func_803F414
0x1003F528	0x1003F66B	thumb	func_803F528
0x1003F66C	0x1003F717	thumb	func_803F66C
0x1003F718	0x1003F7CB	thumb	func_803F718
0x1003F7CC	0x1003F943	thumb	func_803F7CC
0x1003F944	0x1003F957	thumb	func_803F944
0x1003F958	0x1003FB13	thumb	func_803F958
0x1003FB14	0x1003FB27	thumb	func_803FB14
0x1003FB28	0x1003FC6F	thumb	func_803FB28
0x1003FC70	0x1003FCF7	thumb	func_803FC70
0x1003FCF8	0x1003FDEB	thumb	func_803FCF8
0x1003FDEC	0x1003FE53	thumb	func_803FDEC
0x1003FE54	0x1003FEC7	thumb	func_803FE54
0x1003FEC8	0x00000000	thumb	func_803FEC8
0x1004012C	0x10040237	thumb	func_804012C
0x10040238	0x10040337	thumb	func_8040238
0x10040338	0x10040397	thumb	func_8040338
0x10040398	0x100403BF	thumb	func_8040398
0x100403C0	0x10040537	thumb	func_80403C0
0x10040538	0x10040563	thumb	func_8040538
0x10040564	0x100405B7	thumb	func_8040564
0x100405B8	0x100405E3	thumb	func_80405B8
0x100405E4	0x1004063F	thumb	func_80405E4
0x10040640	0x10040667	thumb	func_8040640
0x10040668	0x1004069F	thumb	func_8040668
0x100406A0	0x100406CB	thumb	func_80406A0
0x100406CC	0x1004071F	thumb	func_80406CC
0x10040720	0x10040817	thumb	func_8040720
0x10040818	0x100408CF	thumb	func_8040818
0x100408D0	0x10040953	thumb	func_80408D0
0x10040954	0x1004096F	thumb	func_8040954
0x10040970	0x10040983	thumb	func_8040970
0x10040984	0x10040997	thumb	func_8040984
0x10040998	0x100409B3	thumb	func_8040998
0x100409B4	0x100409CF	thumb	func_80409B4
0x100409D0	0x100409FF	thumb	func_80409D0
0x10040A00	0x10040A13	thumb	func_8040A00
0x10040A14	0x10040A27	thumb	func_8040A14
0x10040A28	0x10040ADB	thumb	func_8040A28
0x10040ADC	0x10040B8F	thumb	func_8040ADC
0x10040B90	0x10040BDF	thumb	func_8040B90
0x10040BE0	0x10040BF3	thumb	func_8040BE0
0x10040BF4	0x10040C07	thumb	func_8040BF4
0x10040C08	0x10040C3F	thumb	func_8040C08
0x10040C40	0x10040C53	thumb	func_8040C40
0x10040C54	0x10040C67	thumb	func_8040C54
0x10040C68	0x10040C9F	thumb	func_8040C68
0x10040CA0	0x00000000	thumb	func_8040CA0
0x10040F48	0x10040F97	thumb	func_8040F48
0x10040F98	0x10040FC3	thumb	func_8040F98
0x10040FC4	0x10040FE7	thumb	func_8040FC4
0x10040FE8	0x10041013	thumb	func_8040FE8
0x10041014	0x1004103F	thumb	func_8041014
0x10041040	0x1004106B	thumb	func_8041040
0x1004106C	0x1004108F	thumb	func_804106C
0x10041090	0x100410B3	thumb	func_8041090
0x100410B4	0x100410EB	thumb	func_80410B4
0x100410EC	0x10041137	thumb	func_80410EC
0x10041138	0x10041183	thumb	func_8041138
0x10041184	0x100411B3	thumb	func_8041184
0x100411B4	0x1004120F	thumb	func_80411B4
0x10041210	0x1004123F	thumb	func_8041210
0x10041240	0x1004129F	thumb	func_8041240
0x100412A0	0x100412CF	thumb	func_80412A0
0x100412D0	0x1004132B	thumb	func_80412D0
0x1004132C	0x10041357	thumb	func_804132C
0x10041358	0x1004135B	thumb	func_8041358
0x1004135C	0x10041413	thumb	func_804135C
0x10041414	0x00000000	thumb	func_8041414
0x100416C8	0x1004171B	thumb	func_80416C8
0x1004171C	0x1004173B	thumb	func_804171C
0x1004173C	0x10041863	thumb	func_804173C
0x10041864	0x10041883	thumb	func_8041864
0x10041884	0x100418FF	thumb	func_8041884
0x10041900	0x10041937	thumb	func_8041900
0x10041938	0x1004194B	thumb	func_8041938
0x1004194C	0x1004195F	thumb	func_804194C
0x10041960	0x1004197F	thumb	func_8041960
0x10041980	0x100419A3	thumb	func_8041980
0x100419A4	0x100419E7	thumb	func_80419A4
0x100419E8	0x10041A07	thumb	func_80419E8
0x10041A08	0x10041A2F	thumb	func_8041A08
0x10041A30	0x10041AA7	thumb	func_8041A30
0x10041AA8	0x10041ABB	thumb	func_8041AA8
0x10041ABC	0x10041ACF	thumb	func_8041ABC
0x10041AD0	0x10041B33	thumb	func_8041AD0
0x10041B34	0x10041B47	thumb	func_8041B34
0x10041B48	0x10041B5B	thumb	func_8041B48
0x10041B5C	0x10041B83	thumb	func_8041B5C
0x10041B84	0x10041BB3	thumb	func_8041B84
0x10041BB4	0x10041BE3	thumb	func_8041BB4
0x10041BE4	0x10041C07	thumb	func_8041BE4
0x10041C08	0x10041C1B	thumb	func_8041C08
0x10041C1C	0x10041C2F	thumb	func_8041C1C
0x10041C30	0x10041C93	thumb	func_8041C30
0x10041C94	0x10041CCB	thumb	func_8041C94
0x10041CCC	0x10041CF7	thumb	func_8041CCC
0x10041CF8	0x10041D0B	thumb	func_8041CF8
0x10041D0C	0x10041D1F	thumb	func_8041D0C
0x10041D20	0x10041D47	thumb	func_8041D20
0x10041D48	0x10041DD3	thumb	func_8041D48
0x10041DD4	0x10041DF3	thumb	func_8041DD4
0x10041DF4	0x10041E07	thumb	func_8041DF4
0x10041E08	0x10041E1B	thumb	func_8041E08
0x10041E1C	0x10041E3F	thumb	func_8041E1C
0x10041E40	0x10041E53	thumb	func_8041E40
0x10041E54	0x00000000	thumb	func_8041E54
0x100421DC	0x1004230B	thumb	func_80421DC
0x1004230C	0x1004236B	thumb	func_804230C
0x1004236C	0x10042383	thumb	func_804236C
0x10042384	0x100423EB	thumb	func_8042384
0x100423EC	0x100423FF	thumb	func_80423EC
0x10042400	0x10042413	thumb	func_8042400
0x10042414	0x10042427	thumb	func_8042414
0x10042428	0x10042443	thumb	func_8042428
0x10042444	0x1004245F	thumb	func_8042444
0x10042460	0x10042483	thumb	func_8042460
0x10042484	0x100424A7	thumb	func_8042484
0x100424A8	0x100424CB	thumb	func_80424A8
0x100424CC	0x100424EF	thumb	func_80424CC
0x100424F0	0x10042513	thumb	func_80424F0
0x10042514	0x10042537	thumb	func_8042514
0x10042538	0x1004255B	thumb	func_8042538
0x1004255C	0x10042567	thumb	func_804255C
0x10042568	0x10042573	thumb	func_8042568
0x10042574	0x10042583	thumb	func_8042574
0x10042584	0x10042593	thumb	func_8042584
0x10042594	0x100425F3	thumb	func_8042594
0x100425F4	0x1004260F	thumb	func_80425F4
0x10042610	0x10042623	thumb	func_8042610
0x10042624	0x100426CB	thumb	func_8042624
0x100426CC	0x1004272F	thumb	func_80426CC
0x10042730	0x10042753	thumb	func_8042730
0x10042754	0x10042777	thumb	func_8042754
0x10042778	0x100427A7	thumb	func_8042778
0x100427A8	0x1004281F	thumb	func_80427A8
0x10042820	0x1004284F	thumb	func_8042820
0x10042850	0x00000000	thumb	func_8042850
0x10042D70	0x10042E8F	thumb	func_8042D70
0x10042E90	0x10042F0B	thumb	func_8042E90
0x10042F0C	0x10042F87	thumb	func_8042F0C
0x10042F88	0x10042FFF	thumb	func_8042F88
0x10043000	0x1004306B	thumb	func_8043000
0x1004306C	0x1004308B	thumb	func_804306C
0x1004308C	0x00000000	thumb	func_804308C
0x1004318C	0x100431EB	thumb	func_804318C
0x100431EC	0x10043203	thumb	func_80431EC
0x10043204	0x1004326B	thumb	func_8043204
0x1004326C	0x1004327F	thumb	func_804326C
0x10043280	0x1004335F	thumb	func_8043280
0x10043360	0x1004337B	thumb	func_8043360
0x1004337C	0x10043397	thumb	func_804337C
0x10043398	0x100433AB	thumb	func_8043398
0x100433AC	0x100433CB	thumb	func_80433AC
0x100433CC	0x100433DF	thumb	func_80433CC
0x100433E0	0x100433FF	thumb	func_80433E0
0x10043400	0x1004342B	thumb	func_8043400
0x1004342C	0x1004344B	thumb	func_804342C
0x1004344C	0x10043477	thumb	func_804344C
0x10043478	0x00000000	thumb	func_8043478
0x1004384C	0x1004387B	thumb	func_804384C
0x1004387C	0x100438B3	thumb	func_804387C
0x100438B4	0x100438E3	thumb	func_80438B4
0x100438E4	0x10043A1B	thumb	func_80438E4
0x10043A1C	0x10043A43	thumb	func_8043A1C
0x10043A44	0x10043AC3	thumb	func_8043A44
0x10043AC4	0x10043AEB	thumb	func_8043AC4
0x10043AEC	0x10043C5B	thumb	func_8043AEC
0x10043C5C	0x10043C9F	thumb	func_8043C5C
0x10043CA0	0x10043CB3	thumb	func_8043CA0
0x10043CB4	0x10043CC7	thumb	func_8043CB4
0x10043CC8	0x10043CE7	thumb	func_8043CC8
0x10043CE8	0x10043D1B	thumb	func_8043CE8
0x10043D1C	0x10043D3B	thumb	func_8043D1C
0x10043D3C	0x10043D6F	thumb	func_8043D3C
0x10043D70	0x10043DBF	thumb	func_8043D70
0x10043DC0	0x10043DD3	thumb	func_8043DC0
0x10043DD4	0x10043DE7	thumb	func_8043DD4
0x10043DE8	0x10043E23	thumb	func_8043DE8
0x10043E24	0x10043E37	thumb	func_8043E24
0x10043E38	0x10043E4B	thumb	func_8043E38
0x10043E4C	0x10043E7B	thumb	func_8043E4C
0x10043E7C	0x10043E8F	thumb	func_8043E7C
0x10043E90	0x10043EA3	thumb	func_8043E90
0x10043EA4	0x10043ED3	thumb	func_8043EA4
0x10043ED4	0x10043EE7	thumb	func_8043ED4
0x10043EE8	0x10043EFB	thumb	func_8043EE8
0x10043EFC	0x10043F43	thumb	func_8043EFC
0x10043F44	0x10043F4F	thumb	func_8043F44
0x10043F50	0x10043F87	thumb	func_8043F50
0x10043F88	0x10043F9B	thumb	func_8043F88
0x10043F9C	0x10043FAF	thumb	func_8043F9C
0x10043FB0	0x10043FDF	thumb	func_8043FB0
0x10043FE0	0x1004406B	thumb	func_8043FE0
0x1004406C	0x10044077	thumb	func_804406C
0x10044078	0x10044083	thumb	func_8044078
0x10044084	0x10044093	thumb	func_8044084
0x10044094	0x00000000	thumb	func_8044094
0x10044430	0x1004445F	thumb	func_8044430
0x10044460	0x100444A7	thumb	func_8044460
0x100444A8	0x100444D7	thumb	func_80444A8
0x100444D8	0x1004463B	thumb	func_80444D8
0x1004463C	0x10044667	thumb	func_804463C
0x10044668	0x100446A7	thumb	func_8044668
0x100446A8	0x100446D3	thumb	func_80446A8
0x100446D4	0x10044757	thumb	func_80446D4
0x10044758	0x1004479B	thumb	func_8044758
0x1004479C	0x100447AF	thumb	func_804479C
0x100447B0	0x100447C3	thumb	func_80447B0
0x100447C4	0x100447E3	thumb	func_80447C4
0x100447E4	0x10044817	thumb	func_80447E4
0x10044818	0x1004483F	thumb	func_8044818
0x10044840	0x10044873	thumb	func_8044840
0x10044874	0x100448EB	thumb	func_8044874
0x100448EC	0x100448FF	thumb	func_80448EC
0x10044900	0x10044913	thumb	func_8044900
0x10044914	0x10044977	thumb	func_8044914
0x10044978	0x1004498B	thumb	func_8044978
0x1004498C	0x1004499F	thumb	func_804498C
0x100449A0	0x100449CF	thumb	func_80449A0
0x100449D0	0x100449E3	thumb	func_80449D0
0x100449E4	0x100449F7	thumb	func_80449E4
0x100449F8	0x10044A27	thumb	func_80449F8
0x10044A28	0x10044A3B	thumb	func_8044A28
0x10044A3C	0x10044A4F	thumb	func_8044A3C
0x10044A50	0x10044AC3	thumb	func_8044A50
0x10044AC4	0x10044AFB	thumb	func_8044AC4
0x10044AFC	0x10044B33	thumb	func_8044AFC
0x10044B34	0x10044B47	thumb	func_8044B34
0x10044B48	0x10044B5B	thumb	func_8044B48
0x10044B5C	0x10044B8B	thumb	func_8044B5C
0x10044B8C	0x10044C17	thumb	func_8044B8C
0x10044C18	0x10044C23	thumb	func_8044C18
0x10044C24	0x10044C2F	thumb	func_8044C24
0x10044C30	0x10044C3F	thumb	func_8044C30
0x10044C40	0x00000000	thumb	func_8044C40
0x10044FDC	0x10045003	thumb	func_8044FDC
0x10045004	0x10045063	thumb	func_8045004
0x10045064	0x1004514F	thumb	func_8045064
0x10045150	0x10045173	thumb	func_8045150
0x10045174	0x10045213	thumb	func_8045174
0x10045214	0x10045237	thumb	func_8045214
0x10045238	0x100452E3	thumb	func_8045238
0x100452E4	0x1004534F	thumb	func_80452E4
0x10045350	0x1004543F	thumb	func_8045350
0x10045440	0x10045453	thumb	func_8045440
0x10045454	0x10045543	thumb	func_8045454
0x10045544	0x10045583	thumb	func_8045544
0x10045584	0x10045683	thumb	func_8045584
0x10045684	0x100456C3	thumb	func_8045684
0x100456C4	0x1004571B	thumb	func_80456C4
0x1004571C	0x100457AF	thumb	func_804571C
0x100457B0	0x100457C3	thumb	func_80457B0
0x100457C4	0x00000000	thumb	func_80457C4
0x10045A28	0x10045AA3	thumb	func_8045A28
0x10045AA4	0x10045B1F	thumb	func_8045AA4
0x10045B20	0x10045B93	thumb	func_8045B20
0x10045B94	0x10045BDB	thumb	func_8045B94
0x10045BDC	0x10045BFB	thumb	func_8045BDC
0x10045BFC	0x10045C27	thumb	func_8045BFC
0x10045C28	0x00000000	thumb	func_8045C28
0x10045C94	0x10045CFF	thumb	func_8045C94
0x10045D00	0x10045D47	thumb	func_8045D00
0x10045D48	0x10045D6F	thumb	func_8045D48
0x10045D70	0x10045E33	thumb	func_8045D70
0x10045E34	0x10045E5B	thumb	func_8045E34
0x10045E5C	0x10045EAB	thumb	func_8045E5C
0x10045EAC	0x10045ED3	thumb	func_8045EAC
0x10045ED4	0x10045F63	thumb	func_8045ED4
0x10045F64	0x10045FBB	thumb	func_8045F64
0x10045FBC	0x10045FFF	thumb	func_8045FBC
0x10046000	0x10046023	thumb	func_8046000
0x10046024	0x1004608B	thumb	func_8046024
0x1004608C	0x100460AF	thumb	func_804608C
0x100460B0	0x10046127	thumb	func_80460B0
0x10046128	0x1004613B	thumb	func_8046128
0x1004613C	0x1004614F	thumb	func_804613C
0x10046150	0x1004616B	thumb	func_8046150
0x1004616C	0x1004617F	thumb	func_804616C
0x10046180	0x10046193	thumb	func_8046180
0x10046194	0x1004621F	thumb	func_8046194
0x10046220	0x10046267	thumb	func_8046220
0x10046268	0x100462AF	thumb	func_8046268
0x100462B0	0x00000000	thumb	func_80462B0
0x10046548	0x10046593	thumb	func_8046548
0x10046594	0x100465B3	thumb	func_8046594
0x100465B4	0x100465F3	thumb	func_80465B4
0x100465F4	0x1004661F	thumb	func_80465F4
0x10046620	0x1004668F	thumb	func_8046620
0x10046690	0x100466AF	thumb	func_8046690
0x100466B0	0x1004671B	thumb	func_80466B0
0x1004671C	0x10046793	thumb	func_804671C
0x10046794	0x100467A7	thumb	func_8046794
0x100467A8	0x100467BB	thumb	func_80467A8
0x100467BC	0x100467DB	thumb	func_80467BC
0x100467DC	0x00000000	thumb	func_80467DC
0x10046A6C	0x10046AD3	thumb	func_8046A6C
0x10046AD4	0x10046AF3	thumb	func_8046AD4
0x10046AF4	0x10046C5B	thumb	func_8046AF4
0x10046C5C	0x10046C7B	thumb	func_8046C5C
0x10046C7C	0x10046CEB	thumb	func_8046C7C
0x10046CEC	0x10046D23	thumb	func_8046CEC
0x10046D24	0x10046D37	thumb	func_8046D24
0x10046D38	0x10046D4B	thumb	func_8046D38
0x10046D4C	0x10046D6B	thumb	func_8046D4C
0x10046D6C	0x10046DFB	thumb	func_8046D6C
0x10046DFC	0x10046E23	thumb	func_8046DFC
0x10046E24	0x10046E83	thumb	func_8046E24
0x10046E84	0x10046EA7	thumb	func_8046E84
0x10046EA8	0x10046EE3	thumb	func_8046EA8
0x10046EE4	0x10046F03	thumb	func_8046EE4
0x10046F04	0x10046F2B	thumb	func_8046F04
0x10046F2C	0x10046FE7	thumb	func_8046F2C
0x10046FE8	0x10047007	thumb	func_8046FE8
0x10047008	0x1004702F	thumb	func_8047008
0x10047030	0x1004707F	thumb	func_8047030
0x10047080	0x10047093	thumb	func_8047080
0x10047094	0x100470A7	thumb	func_8047094
0x100470A8	0x100470E3	thumb	func_80470A8
0x100470E4	0x100470F7	thumb	func_80470E4
0x100470F8	0x1004710B	thumb	func_80470F8
0x1004710C	0x1004713B	thumb	func_804710C
0x1004713C	0x1004714F	thumb	func_804713C
0x10047150	0x10047163	thumb	func_8047150
0x10047164	0x10047187	thumb	func_8047164
0x10047188	0x1004719B	thumb	func_8047188
0x1004719C	0x100471AF	thumb	func_804719C
0x100471B0	0x100471F7	thumb	func_80471B0
0x100471F8	0x10047203	thumb	func_80471F8
0x10047204	0x1004722F	thumb	func_8047204
0x10047230	0x10047243	thumb	func_8047230
0x10047244	0x10047257	thumb	func_8047244
0x10047258	0x1004727F	thumb	func_8047258
0x10047280	0x1004730B	thumb	func_8047280
0x1004730C	0x10047323	thumb	func_804730C
0x10047324	0x10047337	thumb	func_8047324
0x10047338	0x1004734B	thumb	func_8047338
0x1004734C	0x10047367	thumb	func_804734C
0x10047368	0x1004737B	thumb	func_8047368
0x1004737C	0x1004738F	thumb	func_804737C
0x10047390	0x10047403	thumb	func_8047390
0x10047404	0x1004750B	thumb	func_8047404
0x1004750C	0x1004751F	thumb	func_804750C
0x10047520	0x1004756F	thumb	func_8047520
0x10047570	0x10047583	thumb	func_8047570
0x10047584	0x100475D3	thumb	func_8047584
0x100475D4	0x00000000	thumb	func_80475D4
0x10047AD8	0x10047B3F	thumb	func_8047AD8
0x10047B40	0x10047B6B	thumb	func_8047B40
0x10047B6C	0x10047BA7	thumb	func_8047B6C
0x10047BA8	0x10047BEB	thumb	func_8047BA8
0x10047BEC	0x10047CA7	thumb	func_8047BEC
0x10047CA8	0x10047CDB	thumb	func_8047CA8
0x10047CDC	0x10047D07	thumb	func_8047CDC
0x10047D08	0x10047D37	thumb	func_8047D08
0x10047D38	0x00000000	thumb	func_8047D38
0x10047EE8	0x10047F1B	thumb	func_8047EE8
0x10047F1C	0x10047FB3	thumb	func_8047F1C
0x10047FB4	0x10048023	thumb	func_8047FB4
0x10048024	0x10048087	thumb	func_8048024
0x10048088	0x10048103	thumb	func_8048088
0x10048104	0x10048133	thumb	func_8048104
0x10048134	0x1004824B	thumb	func_8048134
0x1004824C	0x100482CF	thumb	func_804824C
0x100482D0	0x10048347	thumb	func_80482D0
0x10048348	0x100483BB	thumb	func_8048348
0x100483BC	0x1004841F	thumb	func_80483BC
0x10048420	0x1004849B	thumb	func_8048420
0x1004849C	0x10048527	thumb	func_804849C
0x10048528	0x100487DF	thumb	func_8048528
0x100487E0	0x10048807	thumb	func_80487E0
0x10048808	0x10048933	thumb	func_8048808
0x10048934	0x1004897F	thumb	func_8048934
0x10048980	0x100489FB	thumb	func_8048980
0x100489FC	0x10048ACB	thumb	func_80489FC
0x10048ACC	0x10048B57	thumb	func_8048ACC
0x10048B58	0x10048CBB	thumb	func_8048B58
0x10048CBC	0x10048D0B	thumb	func_8048CBC
0x10048D0C	0x10048D37	thumb	func_8048D0C
0x10048D38	0x10048D77	thumb	func_8048D38
0x10048D78	0x10048E13	thumb	func_8048D78
0x10048E14	0x10048E3F	thumb	func_8048E14
0x10048E40	0x10048ECB	thumb	func_8048E40
0x10048ECC	0x10048EF7	thumb	func_8048ECC
0x10048EF8	0x10048F83	thumb	func_8048EF8
0x10048F84	0x10048FBB	thumb	func_8048F84
0x10048FBC	0x10049027	thumb	func_8048FBC
0x10049028	0x10049053	thumb	func_8049028
0x10049054	0x100493B7	thumb	func_8049054
0x100493B8	0x10049457	thumb	func_80493B8
0x10049458	0x10049547	thumb	func_8049458
0x10049548	0x100495A7	thumb	func_8049548
0x100495A8	0x100495FB	thumb	func_80495A8
0x100495FC	0x10049623	thumb	func_80495FC
0x10049624	0x1004964B	thumb	func_8049624
0x1004964C	0x100496B7	thumb	func_804964C
0x100496B8	0x100496DF	thumb	func_80496B8
0x100496E0	0x10049737	thumb	func_80496E0
0x10049738	0x10049757	thumb	func_8049738
0x10049758	0x10049773	thumb	func_8049758
0x10049774	0x1004984F	thumb	func_8049774
0x10049850	0x10049A7B	thumb	func_8049850
0x10049A7C	0x10049ADB	thumb	func_8049A7C
0x10049ADC	0x10049B1B	thumb	func_8049ADC
0x10049B1C	0x10049BCF	thumb	func_8049B1C
0x10049BD0	0x10049BEB	thumb	func_8049BD0
0x10049BEC	0x10049C63	thumb	func_8049BEC
0x10049C64	0x10049D93	thumb	func_8049C64
0x10049D94	0x10049E2B	thumb	func_8049D94
0x10049E2C	0x10049EAF	thumb	func_8049E2C
0x10049EB0	0x10049EFB	thumb	func_8049EB0
0x10049EFC	0x00000000	thumb	func_8049EFC
0x1004A3FC	0x1004A507	thumb	func_804A3FC
0x1004A508	0x1004A84B	thumb	func_804A508
0x1004A84C	0x1004AB8F	thumb	func_804A84C
0x1004AB90	0x00000000	thumb	func_804AB90
0x1004AC88	0x1004ACBF	thumb	func_804AC88
0x1004ACC0	0x1004AD27	thumb	func_804ACC0
0x1004AD28	0x1004AD47	thumb	func_804AD28
0x1004AD48	0x1004ADB3	thumb	func_804AD48
0x1004ADB4	0x1004ADC7	thumb	func_804ADB4
0x1004ADC8	0x1004ADDB	thumb	func_804ADC8
0x1004ADDC	0x1004ADEF	thumb	func_804ADDC
0x1004ADF0	0x1004AE0B	thumb	func_804ADF0
0x1004AE0C	0x1004AE27	thumb	func_804AE0C
0x1004AE28	0x1004AE4B	thumb	func_804AE28
0x1004AE4C	0x1004AE6F	thumb	func_804AE4C
0x1004AE70	0x1004AE93	thumb	func_804AE70
0x1004AE94	0x1004AEB7	thumb	func_804AE94
0x1004AEB8	0x1004AEDB	thumb	func_804AEB8
0x1004AEDC	0x1004AEE7	thumb	func_804AEDC
0x1004AEE8	0x1004AEF3	thumb	func_804AEE8
0x1004AEF4	0x1004AF03	thumb	func_804AEF4
0x1004AF04	0x1004AF13	thumb	func_804AF04
0x1004AF14	0x1004B04B	thumb	func_804AF14
0x1004B04C	0x1004B0AB	thumb	func_804B04C
0x1004B0AC	0x1004B0F3	thumb	func_804B0AC
0x1004B0F4	0x1004B197	thumb	func_804B0F4
0x1004B198	0x1004B1D7	thumb	func_804B198
0x1004B1D8	0x1004B23B	thumb	func_804B1D8
0x1004B23C	0x1004B2E3	thumb	func_804B23C
0x1004B2E4	0x1004B33B	thumb	func_804B2E4
0x1004B33C	0x1004B393	thumb	func_804B33C
0x1004B394	0x1004B3DB	thumb	func_804B394
0x1004B3DC	0x1004B48B	thumb	func_804B3DC
0x1004B48C	0x1004B4CB	thumb	func_804B48C
0x1004B4CC	0x1004B52F	thumb	func_804B4CC
0x1004B530	0x1004B5D7	thumb	func_804B530
0x1004B5D8	0x1004B62F	thumb	func_804B5D8
0x1004B630	0x1004B687	thumb	func_804B630
0x1004B688	0x1004B6CF	thumb	func_804B688
0x1004B6D0	0x1004B777	thumb	func_804B6D0
0x1004B778	0x1004B7B7	thumb	func_804B778
0x1004B7B8	0x1004B823	thumb	func_804B7B8
0x1004B824	0x1004B8CB	thumb	func_804B824
0x1004B8CC	0x1004B923	thumb	func_804B8CC
0x1004B924	0x1004B97B	thumb	func_804B924
0x1004B97C	0x1004B9C3	thumb	func_804B97C
0x1004B9C4	0x1004BA6B	thumb	func_804B9C4
0x1004BA6C	0x1004BAAB	thumb	func_804BA6C
0x1004BAAC	0x1004BB0F	thumb	func_804BAAC
0x1004BB10	0x1004BBB7	thumb	func_804BB10
0x1004BBB8	0x1004BC0F	thumb	func_804BBB8
0x1004BC10	0x1004BC67	thumb	func_804BC10
0x1004BC68	0x1004BCCF	thumb	func_804BC68
0x1004BCD0	0x1004BD9F	thumb	func_804BCD0
0x1004BDA0	0x1004BDBF	thumb	func_804BDA0
0x1004BDC0	0x1004BE3B	thumb	func_804BDC0
0x1004BE3C	0x1004BEAF	thumb	func_804BE3C
0x1004BEB0	0x00000000	thumb	func_804BEB0
0x1004C600	0x1004C65F	thumb	func_804C600
0x1004C660	0x1004C6AB	thumb	func_804C660
0x1004C6AC	0x1004C70F	thumb	func_804C6AC
0x1004C710	0x1004C78B	thumb	func_804C710
0x1004C78C	0x1004C847	thumb	func_804C78C
0x1004C848	0x1004C87B	thumb	func_804C848
0x1004C87C	0x00000000	thumb	func_804C87C
0x1004C910	0x1004C953	thumb	func_804C910
0x1004C954	0x1004C97B	thumb	func_804C954
0x1004C97C	0x1004C9A3	thumb	func_804C97C
0x1004C9A4	0x1004C9CB	thumb	func_804C9A4
0x1004C9CC	0x1004C9F3	thumb	func_804C9CC
0x1004C9F4	0x1004CA27	thumb	func_804C9F4
0x1004CA28	0x00000000	thumb	func_804CA28
0x1004CBC0	0x1004CC37	thumb	func_804CBC0
0x1004CC38	0x1004CC57	thumb	func_804CC38
0x1004CC58	0x1004CDB3	thumb	func_804CC58
0x1004CDB4	0x1004CDD3	thumb	func_804CDB4
0x1004CDD4	0x1004CE43	thumb	func_804CDD4
0x1004CE44	0x1004CE7B	thumb	func_804CE44
0x1004CE7C	0x1004CE8F	thumb	func_804CE7C
0x1004CE90	0x1004CEA3	thumb	func_804CE90
0x1004CEA4	0x1004CEC3	thumb	func_804CEA4
0x1004CEC4	0x1004CF4F	thumb	func_804CEC4
0x1004CF50	0x1004CF73	thumb	func_804CF50
0x1004CF74	0x1004CFDB	thumb	func_804CF74
0x1004CFDC	0x1004CFFB	thumb	func_804CFDC
0x1004CFFC	0x1004D01B	thumb	func_804CFFC
0x1004D01C	0x1004D043	thumb	func_804D01C
0x1004D044	0x1004D0BB	thumb	func_804D044
0x1004D0BC	0x1004D0CF	thumb	func_804D0BC
0x1004D0D0	0x1004D0E3	thumb	func_804D0D0
0x1004D0E4	0x1004D147	thumb	func_804D0E4
0x1004D148	0x1004D15B	thumb	func_804D148
0x1004D15C	0x1004D16F	thumb	func_804D15C
0x1004D170	0x1004D19F	thumb	func_804D170
0x1004D1A0	0x1004D1B3	thumb	func_804D1A0
0x1004D1B4	0x1004D1C7	thumb	func_804D1B4
0x1004D1C8	0x1004D1EB	thumb	func_804D1C8
0x1004D1EC	0x1004D1FF	thumb	func_804D1EC
0x1004D200	0x1004D213	thumb	func_804D200
0x1004D214	0x1004D28B	thumb	func_804D214
0x1004D28C	0x1004D2C3	thumb	func_804D28C
0x1004D2C4	0x1004D2EF	thumb	func_804D2C4
0x1004D2F0	0x1004D303	thumb	func_804D2F0
0x1004D304	0x1004D317	thumb	func_804D304
0x1004D318	0x1004D33F	thumb	func_804D318
0x1004D340	0x1004D3D3	thumb	func_804D340
0x1004D3D4	0x1004D3EB	thumb	func_804D3D4
0x1004D3EC	0x1004D3FF	thumb	func_804D3EC
0x1004D400	0x1004D413	thumb	func_804D400
0x1004D414	0x1004D42F	thumb	func_804D414
0x1004D430	0x1004D443	thumb	func_804D430
0x1004D444	0x1004D457	thumb	func_804D444
0x1004D458	0x1004D4CF	thumb	func_804D458
0x1004D4D0	0x1004D537	thumb	func_804D4D0
0x1004D538	0x1004D55B	thumb	func_804D538
0x1004D55C	0x00000000	thumb	func_804D55C
0x1004D994	0x1004D9B3	thumb	func_804D994
0x1004D9B4	0x1004DA07	thumb	func_804D9B4
0x1004DA08	0x1004DA23	thumb	func_804DA08
0x1004DA24	0x1004DB3F	thumb	func_804DA24
0x1004DB40	0x1004DB5F	thumb	func_804DB40
0x1004DB60	0x1004DBC3	thumb	func_804DB60
0x1004DBC4	0x1004DC27	thumb	func_804DBC4
0x1004DC28	0x1004DC47	thumb	func_804DC28
0x1004DC48	0x1004DC9F	thumb	func_804DC48
0x1004DCA0	0x1004DCB7	thumb	func_804DCA0
0x1004DCB8	0x1004DCE3	thumb	func_804DCB8
0x1004DCE4	0x1004DD0F	thumb	func_804DCE4
0x1004DD10	0x1004DD27	thumb	func_804DD10
0x1004DD28	0x1004DD43	thumb	func_804DD28
0x1004DD44	0x1004DDAB	thumb	func_804DD44
0x1004DDAC	0x1004DDF3	thumb	func_804DDAC
0x1004DDF4	0x1004DE13	thumb	func_804DDF4
0x1004DE14	0x1004DE43	thumb	func_804DE14
0x1004DE44	0x1004DEAB	thumb	func_804DE44
0x1004DEAC	0x1004DEEF	thumb	func_804DEAC
0x1004DEF0	0x1004DF7F	thumb	func_804DEF0
0x1004DF80	0x00000000	thumb	func_804DF80
0x1004E64C	0x1004E6CF	thumb	func_804E64C
0x1004E6D0	0x1004E6FF	thumb	func_804E6D0
0x1004E700	0x1004E753	thumb	func_804E700
0x1004E754	0x00000000	thumb	func_804E754
0x1004E7F8	0x1004E873	thumb	func_804E7F8
0x1004E874	0x1004E8EF	thumb	func_804E874
0x1004E8F0	0x1004E96B	thumb	func_804E8F0
0x1004E96C	0x1004E9C3	thumb	func_804E96C
0x1004E9C4	0x1004EA03	thumb	func_804E9C4
0x1004EA04	0x00000000	thumb	func_804EA04
0x1004EA88	0x1004EB2F	thumb	func_804EA88
0x1004EB30	0x1004EB57	thumb	func_804EB30
0x1004EB58	0x1004EB83	thumb	func_804EB58
0x1004EB84	0x1004EC77	thumb	func_804EB84
0x1004EC78	0x1004EDC7	thumb	func_804EC78
0x1004EDC8	0x1004EE57	thumb	func_804EDC8
0x1004EE58	0x1004EE6F	thumb	func_804EE58
0x1004EE70	0x1004F143	thumb	func_804EE70
0x1004F144	0x1004F1B3	thumb	func_804F144
0x1004F1B4	0x1004F207	thumb	func_804F1B4
0x1004F208	0x1004F27B	thumb	func_804F208
0x1004F27C	0x1004F2A7	thumb	func_804F27C
0x1004F2A8	0x1004F31B	thumb	func_804F2A8
0x1004F31C	0x1004F363	thumb	func_804F31C
0x1004F364	0x1004F3FB	thumb	func_804F364
0x1004F3FC	0x1004F453	thumb	func_804F3FC
0x1004F454	0x1004F4DF	thumb	func_804F454
0x1004F4E0	0x1004F5A7	thumb	func_804F4E0
0x1004F5A8	0x1004F687	thumb	func_804F5A8
0x1004F688	0x1004F707	thumb	func_804F688
0x1004F708	0x1004F7D3	thumb	func_804F708
0x1004F7D4	0x1004F86B	thumb	func_804F7D4
0x1004F86C	0x1004F8DB	thumb	func_804F86C
0x1004F8DC	0x1004F94B	thumb	func_804F8DC
0x1004F94C	0x1004F9F7	thumb	func_804F94C
0x1004F9F8	0x1004FB23	thumb	func_804F9F8
0x1004FB24	0x1004FB93	thumb	func_804FB24
0x1004FB94	0x1004FC03	thumb	func_804FB94
0x1004FC04	0x1004FC93	thumb	func_804FC04
0x1004FC94	0x1004FD2B	thumb	func_804FC94
0x1004FD2C	0x1004FD8B	thumb	func_804FD2C
0x1004FD8C	0x1004FDBB	thumb	func_804FD8C
0x1004FDBC	0x1004FE1F	thumb	func_804FDBC
0x1004FE20	0x1004FEC7	thumb	func_804FE20
0x1004FEC8	0x1004FFA3	thumb	func_804FEC8
0x1004FFA4	0x1004FFBB	thumb	func_804FFA4
0x1004FFBC	0x1004FFCB	thumb	func_804FFBC
0x1004FFCC	0x1004FFEB	thumb	func_804FFCC
0x1004FFEC	0x1005001F	thumb	func_804FFEC
0x10050020	0x10050037	thumb	func_8050020
0x10050038	0x10050047	thumb	func_8050038
0x10050048	0x10050077	thumb	func_8050048
0x10050078	0x10050143	thumb	func_8050078
0x10050144	0x100501E3	thumb	func_8050144
0x100501E4	0x10050213	thumb	func_80501E4
0x10050214	0x1005026F	thumb	func_8050214
0x10050270	0x10050307	thumb	func_8050270
0x10050308	0x1005037B	thumb	func_8050308
0x1005037C	0x100503A3	thumb	func_805037C
0x100503A4	0x100503CF	thumb	func_80503A4
0x100503D0	0x10050463	thumb	func_80503D0
0x10050464	0x100504D7	thumb	func_8050464
0x100504D8	0x100504FB	thumb	func_80504D8
0x100504FC	0x10050547	thumb	func_80504FC
0x10050548	0x10050573	thumb	func_8050548
0x10050574	0x1005071B	thumb	func_8050574
0x1005071C	0x1005088F	thumb	func_805071C
0x10050890	0x10050A0F	thumb	func_8050890
0x10050A10	0x10050A3F	thumb	func_8050A10
0x10050A40	0x10050AB3	thumb	func_8050A40
0x10050AB4	0x10050AD7	thumb	func_8050AB4
0x10050AD8	0x10050B33	thumb	func_8050AD8
0x10050B34	0x10050B9F	thumb	func_8050B34
0x10050BA0	0x10050D47	thumb	func_8050BA0
0x10050D48	0x10050F4B	thumb	func_8050D48
0x10050F4C	0x10050F9F	thumb	func_8050F4C
0x10050FA0	0x10051013	thumb	func_8050FA0
0x10051014	0x1005105B	thumb	func_8051014
0x1005105C	0x100510C3	thumb	func_805105C
0x100510C4	0x100510F3	thumb	func_80510C4
0x100510F4	0x10051123	thumb	func_80510F4
0x10051124	0x1005113F	thumb	func_8051124
0x10051140	0x1005119F	thumb	func_8051140
0x100511A0	0x100511E7	thumb	func_80511A0
0x100511E8	0x100512D7	thumb	func_80511E8
0x100512D8	0x1005134B	thumb	func_80512D8
0x1005134C	0x1005137F	thumb	func_805134C
0x10051380	0x10051503	thumb	func_8051380
0x10051504	0x10051613	thumb	func_8051504
0x10051614	0x1005183B	thumb	func_8051614
0x1005183C	0x10051863	thumb	func_805183C
0x10051864	0x100518E3	thumb	func_8051864
0x100518E4	0x100519C7	thumb	func_80518E4
0x100519C8	0x10051C07	thumb	func_80519C8
0x10051C08	0x10051C8F	thumb	func_8051C08
0x10051C90	0x10051D0F	thumb	func_8051C90
0x10051D10	0x10051D8B	thumb	func_8051D10
0x10051D8C	0x10051E6F	thumb	func_8051D8C
0x10051E70	0x10051ED7	thumb	func_8051E70
0x10051ED8	0x10051FEB	thumb	func_8051ED8
0x10051FEC	0x10052047	thumb	func_8051FEC
0x10052048	0x100520B3	thumb	func_8052048
0x100520B4	0x10052143	thumb	func_80520B4
0x10052144	0x10052177	thumb	func_8052144
0x10052178	0x100521AB	thumb	func_8052178
0x100521AC	0x10052243	thumb	func_80521AC
0x10052244	0x1005231B	thumb	func_8052244
0x1005231C	0x1005249F	thumb	func_805231C
0x100524A0	0x1005258F	thumb	func_80524A0
0x10052590	0x10052717	thumb	func_8052590
0x10052718	0x10052A9B	thumb	func_8052718
0x10052A9C	0x10052B5F	thumb	func_8052A9C
0x10052B60	0x10052B8B	thumb	func_8052B60
0x10052B8C	0x10052C0B	thumb	func_8052B8C
0x10052C0C	0x10052CF7	thumb	func_8052C0C
0x10052CF8	0x10052DCF	thumb	func_8052CF8
0x10052DD0	0x10052F13	thumb	func_8052DD0
0x10052F14	0x10052F53	thumb	func_8052F14
0x10052F54	0x10052FC7	thumb	func_8052F54
0x10052FC8	0x10052FEF	thumb	func_8052FC8
0x10052FF0	0x10053037	thumb	func_8052FF0
0x10053038	0x100530EB	thumb	func_8053038
0x100530EC	0x1005324B	thumb	func_80530EC
0x1005324C	0x100532BF	thumb	func_805324C
0x100532C0	0x100532F3	thumb	func_80532C0
0x100532F4	0x10053353	thumb	func_80532F4
0x10053354	0x10053483	thumb	func_8053354
0x10053484	0x100534CB	thumb	func_8053484
0x100534CC	0x100534E7	thumb	func_80534CC
0x100534E8	0x100534FB	thumb	func_80534E8
0x100534FC	0x10053A2B	thumb	func_80534FC
0x10053A2C	0x00000000	thumb	func_8053A2C
0x10053BBC	0x10053CCB	thumb	func_8053BBC
0x10053CCC	0x10053D07	thumb	func_8053CCC
0x10053D08	0x10053E7F	thumb	func_8053D08
0x10053E80	0x10053EB7	thumb	func_8053E80
0x10053EB8	0x10053EEF	thumb	func_8053EB8
0x10053EF0	0x10053F1F	thumb	func_8053EF0
0x10053F20	0x10053FDB	thumb	func_8053F20
0x10053FDC	0x100540A3	thumb	func_8053FDC
0x100540A4	0x100540E3	thumb	func_80540A4
0x100540E4	0x1005414F	thumb	func_80540E4
0x10054150	0x1005417B	thumb	func_8054150
0x1005417C	0x100541B7	thumb	func_805417C
0x100541B8	0x100541E3	thumb	func_80541B8
0x100541E4	0x1005421F	thumb	func_80541E4
0x10054220	0x1005425F	thumb	func_8054220
0x10054260	0x1005429B	thumb	func_8054260
0x1005429C	0x100542DB	thumb	func_805429C
0x100542DC	0x1005431B	thumb	func_80542DC
0x1005431C	0x10054397	thumb	func_805431C
0x10054398	0x100543BF	thumb	func_8054398
0x100543C0	0x1005447F	thumb	func_80543C0
0x10054480	0x100544D3	thumb	func_8054480
0x100544D4	0x10054553	thumb	func_80544D4
0x10054554	0x10054577	thumb	func_8054554
0x10054578	0x100545BB	thumb	func_8054578
0x100545BC	0x100545EB	thumb	func_80545BC
0x100545EC	0x10054617	thumb	func_80545EC
0x10054618	0x1005465F	thumb	func_8054618
0x10054660	0x1005467F	thumb	func_8054660
0x10054680	0x1005470F	thumb	func_8054680
0x10054710	0x1005472F	thumb	func_8054710
0x10054730	0x100547BB	thumb	func_8054730
0x100547BC	0x100547DF	thumb	func_80547BC
0x100547E0	0x1005493F	thumb	func_80547E0
0x10054940	0x100549B3	thumb	func_8054940
0x100549B4	0x10054A13	thumb	func_80549B4
0x10054A14	0x10054ADB	thumb	func_8054A14
0x10054ADC	0x10054B0B	thumb	func_8054ADC
0x10054B0C	0x10054B6F	thumb	func_8054B0C
0x10054B70	0x10054B8F	thumb	func_8054B70
0x10054B90	0x10054BFB	thumb	func_8054B90
0x10054BFC	0x10054C1B	thumb	func_8054BFC
0x10054C1C	0x10054CF7	thumb	func_8054C1C
0x10054CF8	0x10054D27	thumb	func_8054CF8
0x10054D28	0x10054D7F	thumb	func_8054D28
0x10054D80	0x10054E33	thumb	func_8054D80
0x10054E34	0x10054ED7	thumb	func_8054E34
0x10054ED8	0x10054EFB	thumb	func_8054ED8
0x10054EFC	0x10054F6F	thumb	func_8054EFC
0x10054F70	0x1005500F	thumb	func_8054F70
0x10055010	0x1005508F	thumb	func_8055010
0x10055090	0x100550FF	thumb	func_8055090
0x10055100	0x10055217	thumb	func_8055100
0x10055218	0x10055357	thumb	func_8055218
0x10055358	0x1005539F	thumb	func_8055358
0x100553A0	0x100554AB	thumb	func_80553A0
0x100554AC	0x100555DF	thumb	func_80554AC
0x100555E0	0x1005560F	thumb	func_80555E0
0x10055610	0x1005562B	thumb	func_8055610
0x1005562C	0x1005564B	thumb	func_805562C
0x1005564C	0x1005568F	thumb	func_805564C
0x10055690	0x100556A3	thumb	func_8055690
0x100556A4	0x100556B7	thumb	func_80556A4
0x100556B8	0x100556D7	thumb	func_80556B8
0x100556D8	0x100556FB	thumb	func_80556D8
0x100556FC	0x10055757	thumb	func_80556FC
0x10055758	0x100557D7	thumb	func_8055758
0x100557D8	0x1005580B	thumb	func_80557D8
0x1005580C	0x10055823	thumb	func_805580C
0x10055824	0x10055847	thumb	func_8055824
0x10055848	0x10055897	thumb	func_8055848
0x10055898	0x100558B7	thumb	func_8055898
0x100558B8	0x100558D3	thumb	func_80558B8
0x100558D4	0x1005590F	thumb	func_80558D4
0x10055910	0x1005592F	thumb	func_8055910
0x10055930	0x1005594B	thumb	func_8055930
0x1005594C	0x1005597B	thumb	func_805594C
0x1005597C	0x1005598F	thumb	func_805597C
0x10055990	0x100559A3	thumb	func_8055990
0x100559A4	0x100559AF	thumb	func_80559A4
0x100559B0	0x100559E7	thumb	func_80559B0
0x100559E8	0x100559FB	thumb	func_80559E8
0x100559FC	0x10055A0F	thumb	func_80559FC
0x10055A10	0x10055A1B	thumb	func_8055A10
0x10055A1C	0x10055A27	thumb	func_8055A1C
0x10055A28	0x10055A37	thumb	func_8055A28
0x10055A38	0x10055A47	thumb	func_8055A38
0x10055A48	0x10055A5F	thumb	func_8055A48
0x10055A60	0x10055ADB	thumb	func_8055A60
0x10055ADC	0x10055B5B	thumb	func_8055ADC
0x10055B5C	0x10055C63	thumb	func_8055B5C
0x10055C64	0x10055CB7	thumb	func_8055C64
0x10055CB8	0x10055D8B	thumb	func_8055CB8
0x10055D8C	0x00000000	thumb	func_8055D8C
0x10056960	0x00000000	thumb	func_8056960
0x10056DB0	0x10056EAF	thumb	func_8056DB0
0x10056EB0	0x10056F1F	thumb	func_8056EB0
0x10056F20	0x10056F63	thumb	func_8056F20
0x10056F64	0x10056FD3	thumb	func_8056F64
0x10056FD4	0x10056FFF	thumb	func_8056FD4
0x10057000	0x10057023	thumb	func_8057000
0x10057024	0x10057063	thumb	func_8057024
0x10057064	0x10057087	thumb	func_8057064
0x10057088	0x100570BF	thumb	func_8057088
0x100570C0	0x10057143	thumb	func_80570C0
0x10057144	0x1005716B	thumb	func_8057144
0x1005716C	0x1005717B	thumb	func_805716C
0x1005717C	0x100571E7	thumb	func_805717C
0x100571E8	0x00000000	thumb	func_80571E8
0x10057304	0x10057333	thumb	func_8057304
0x10057334	0x1005738B	thumb	func_8057334
0x1005738C	0x100573B7	thumb	func_805738C
0x100573B8	0x10057503	thumb	func_80573B8
0x10057504	0x10057523	thumb	func_8057504
0x10057524	0x100575AF	thumb	func_8057524
0x100575B0	0x100575DF	thumb	func_80575B0
0x100575E0	0x10057603	thumb	func_80575E0
0x10057604	0x10057623	thumb	func_8057604
0x10057624	0x1005764B	thumb	func_8057624
0x1005764C	0x100576FF	thumb	func_805764C
0x10057700	0x10057727	thumb	func_8057700
0x10057728	0x10057773	thumb	func_8057728
0x10057774	0x10057787	thumb	func_8057774
0x10057788	0x1005779B	thumb	func_8057788
0x1005779C	0x100577D3	thumb	func_805779C
0x100577D4	0x100577E7	thumb	func_80577D4
0x100577E8	0x100577FB	thumb	func_80577E8
0x100577FC	0x1005782B	thumb	func_80577FC
0x1005782C	0x1005783F	thumb	func_805782C
0x10057840	0x10057853	thumb	func_8057840
0x10057854	0x10057883	thumb	func_8057854
0x10057884	0x10057897	thumb	func_8057884
0x10057898	0x100578AB	thumb	func_8057898
0x100578AC	0x100578DB	thumb	func_80578AC
0x100578DC	0x100578EF	thumb	func_80578DC
0x100578F0	0x10057903	thumb	func_80578F0
0x10057904	0x1005793B	thumb	func_8057904
0x1005793C	0x1005798B	thumb	func_805793C
0x1005798C	0x1005799F	thumb	func_805798C
0x100579A0	0x100579B3	thumb	func_80579A0
0x100579B4	0x100579EB	thumb	func_80579B4
0x100579EC	0x100579FF	thumb	func_80579EC
0x10057A00	0x10057A13	thumb	func_8057A00
0x10057A14	0x10057A3B	thumb	func_8057A14
0x10057A3C	0x10057AC7	thumb	func_8057A3C
0x10057AC8	0x10057AE7	thumb	func_8057AC8
0x10057AE8	0x10057B4B	thumb	func_8057AE8
0x10057B4C	0x10057BC7	thumb	func_8057B4C
0x10057BC8	0x10057BE7	thumb	func_8057BC8
0x10057BE8	0x10057C03	thumb	func_8057BE8
0x10057C04	0x10057C23	thumb	func_8057C04
0x10057C24	0x10057C2F	thumb	func_8057C24
0x10057C30	0x10057C5B	thumb	func_8057C30
0x10057C5C	0x10057C9F	thumb	func_8057C5C
0x10057CA0	0x10057CB3	thumb	func_8057CA0
0x10057CB4	0x00000000	thumb	func_8057CB4
0x100583B0	0x100583DF	thumb	func_80583B0
0x100583E0	0x1005844B	thumb	func_80583E0
0x1005844C	0x10058497	thumb	func_805844C
0x10058498	0x100584AB	thumb	func_8058498
0x100584AC	0x100584BF	thumb	func_80584AC
0x100584C0	0x100584F7	thumb	func_80584C0
0x100584F8	0x1005850B	thumb	func_80584F8
0x1005850C	0x1005851F	thumb	func_805850C
0x10058520	0x00000000	thumb	func_8058520
0x10058820	0x1005888F	thumb	func_8058820
0x10058890	0x100588C7	thumb	func_8058890
0x100588C8	0x1005894F	thumb	func_80588C8
0x10058950	0x100589BB	thumb	func_8058950
0x100589BC	0x100589DF	thumb	func_80589BC
0x100589E0	0x10058B2F	thumb	func_80589E0
0x10058B30	0x10058B5B	thumb	func_8058B30
0x10058B5C	0x10058BA7	thumb	func_8058B5C
0x10058BA8	0x10058BD3	thumb	func_8058BA8
0x10058BD4	0x10058BF7	thumb	func_8058BD4
0x10058BF8	0x10058C67	thumb	func_8058BF8
0x10058C68	0x10058C8F	thumb	func_8058C68
0x10058C90	0x10058CBB	thumb	func_8058C90
0x10058CBC	0x10058D33	thumb	func_8058CBC
0x10058D34	0x10058D47	thumb	func_8058D34
0x10058D48	0x10058D5B	thumb	func_8058D48
0x10058D5C	0x10058DBF	thumb	func_8058D5C
0x10058DC0	0x10058DD3	thumb	func_8058DC0
0x10058DD4	0x10058DE7	thumb	func_8058DD4
0x10058DE8	0x10058E1B	thumb	func_8058DE8
0x10058E1C	0x10058E2F	thumb	func_8058E1C
0x10058E30	0x10058E43	thumb	func_8058E30
0x10058E44	0x10058E6B	thumb	func_8058E44
0x10058E6C	0x10058E7F	thumb	func_8058E6C
0x10058E80	0x10058E93	thumb	func_8058E80
0x10058E94	0x10058EF7	thumb	func_8058E94
0x10058EF8	0x10058F2F	thumb	func_8058EF8
0x10058F30	0x10058F6F	thumb	func_8058F30
0x10058F70	0x10058F83	thumb	func_8058F70
0x10058F84	0x10058F97	thumb	func_8058F84
0x10058F98	0x10058FCB	thumb	func_8058F98
0x10058FCC	0x10058FDF	thumb	func_8058FCC
0x10058FE0	0x10058FF3	thumb	func_8058FE0
0x10058FF4	0x10059023	thumb	func_8058FF4
0x10059024	0x100590AF	thumb	func_8059024
0x100590B0	0x100590C7	thumb	func_80590B0
0x100590C8	0x100590DB	thumb	func_80590C8
0x100590DC	0x100590EF	thumb	func_80590DC
0x100590F0	0x1005910B	thumb	func_80590F0
0x1005910C	0x1005911F	thumb	func_805910C
0x10059120	0x10059133	thumb	func_8059120
0x10059134	0x10059197	thumb	func_8059134
0x10059198	0x00000000	thumb	func_8059198
0x100595FC	0x1005967F	thumb	func_80595FC
0x10059680	0x100596CB	thumb	func_8059680
0x100596CC	0x100596F3	thumb	func_80596CC
0x100596F4	0x1005973F	thumb	func_80596F4
0x10059740	0x00000000	thumb	func_8059740
0x10059834	0x100598F7	thumb	func_8059834
0x100598F8	0x100599BB	thumb	func_80598F8
0x100599BC	0x10059A1F	thumb	func_80599BC
0x10059A20	0x10059A9B	thumb	func_8059A20
0x10059A9C	0x00000000	thumb	func_8059A9C
0x10059AFC	0x10059B53	thumb	func_8059AFC
0x10059B54	0x10059B9B	thumb	func_8059B54
0x10059B9C	0x10059BC3	thumb	func_8059B9C
0x10059BC4	0x10059C1B	thumb	func_8059BC4
0x10059C1C	0x10059C3B	thumb	func_8059C1C
0x10059C3C	0x10059C57	thumb	func_8059C3C
0x10059C58	0x10059C7B	thumb	func_8059C58
0x10059C7C	0x10059CB3	thumb	func_8059C7C
0x10059CB4	0x10059CDB	thumb	func_8059CB4
0x10059CDC	0x10059D03	thumb	func_8059CDC
0x10059D04	0x10059D1F	thumb	func_8059D04
0x10059D20	0x00000000	thumb	func_8059D20
0x10059F88	0x10059FD7	thumb	func_8059F88
0x10059FD8	0x10059FF7	thumb	func_8059FD8
0x10059FF8	0x1005A03B	thumb	func_8059FF8
0x1005A03C	0x1005A093	thumb	func_805A03C
0x1005A094	0x1005A0C3	thumb	func_805A094
0x1005A0C4	0x1005A0E3	thumb	func_805A0C4
0x1005A0E4	0x00000000	thumb	func_805A0E4
0x1005A178	0x1005A28B	thumb	func_805A178
0x1005A28C	0x1005A353	thumb	func_805A28C
0x1005A354	0x1005A437	thumb	func_805A354
0x1005A438	0x1005A49B	thumb	func_805A438
0x1005A49C	0x1005A563	thumb	func_805A49C
0x1005A564	0x1005A6C3	thumb	func_805A564
0x1005A6C4	0x00000000	thumb	func_805A6C4
0x1005A96C	0x1005A9DB	thumb	func_805A96C
0x1005A9DC	0x1005AA3F	thumb	func_805A9DC
0x1005AA40	0x1005AAC3	thumb	func_805AA40
0x1005AAC4	0x1005AAE7	thumb	func_805AAC4
0x1005AAE8	0x1005AB07	thumb	func_805AAE8
0x1005AB08	0x1005AB43	thumb	func_805AB08
0x1005AB44	0x1005AB93	thumb	func_805AB44
0x1005AB94	0x1005ABFF	thumb	func_805AB94
0x1005AC00	0x00000000	thumb	func_805AC00
0x1005ACC4	0x1005AD5B	thumb	func_805ACC4
0x1005AD5C	0x1005AE1F	thumb	func_805AD5C
0x1005AE20	0x1005AEB3	thumb	func_805AE20
0x1005AEB4	0x1005AF7B	thumb	func_805AEB4
0x1005AF7C	0x1005AFEF	thumb	func_805AF7C
0x1005AFF0	0x1005B053	thumb	func_805AFF0
0x1005B054	0x1005B0C7	thumb	func_805B054
0x1005B0C8	0x1005B13B	thumb	func_805B0C8
0x1005B13C	0x1005B1DB	thumb	func_805B13C
0x1005B1DC	0x1005B24B	thumb	func_805B1DC
0x1005B24C	0x1005B47F	thumb	func_805B24C
0x1005B480	0x1005B4DB	thumb	func_805B480
0x1005B4DC	0x1005B507	thumb	func_805B4DC
0x1005B508	0x1005B567	thumb	func_805B508
0x1005B568	0x1005B5BB	thumb	func_805B568
0x1005B5BC	0x1005B643	thumb	func_805B5BC
0x1005B644	0x1005B6AB	thumb	func_805B644
0x1005B6AC	0x1005B70F	thumb	func_805B6AC
0x1005B710	0x1005B737	thumb	func_805B710
0x1005B738	0x1005B783	thumb	func_805B738
0x1005B784	0x1005B88F	thumb	func_805B784
0x1005B890	0x1005BA9B	thumb	func_805B890
0x1005BA9C	0x1005BAF7	thumb	func_805BA9C
0x1005BAF8	0x1005BC2F	thumb	func_805BAF8
0x1005BC30	0x1005BCDF	thumb	func_805BC30
0x1005BCE0	0x1005BDDB	thumb	func_805BCE0
0x1005BDDC	0x1005BE4F	thumb	func_805BDDC
0x1005BE50	0x1005C0E3	thumb	func_805BE50
0x1005C0E4	0x1005C263	thumb	func_805C0E4
0x1005C264	0x1005C3C7	thumb	func_805C264
0x1005C3C8	0x1005C50B	thumb	func_805C3C8
0x1005C50C	0x1005C6A7	thumb	func_805C50C
0x1005C6A8	0x1005C757	thumb	func_805C6A8
0x1005C758	0x1005C887	thumb	func_805C758
0x1005C888	0x1005C933	thumb	func_805C888
0x1005C934	0x1005CB1F	thumb	func_805C934
0x1005CB20	0x1005CCDB	thumb	func_805CB20
0x1005CCDC	0x1005CD4B	thumb	func_805CCDC
0x1005CD4C	0x1005CDF7	thumb	func_805CD4C
0x1005CDF8	0x1005CEC7	thumb	func_805CDF8
0x1005CEC8	0x1005CF7F	thumb	func_805CEC8
0x1005CF80	0x1005D047	thumb	func_805CF80
0x1005D048	0x1005D0A3	thumb	func_805D048
0x1005D0A4	0x1005D143	thumb	func_805D0A4
0x1005D144	0x1005D1E7	thumb	func_805D144
0x1005D1E8	0x1005D243	thumb	func_805D1E8
0x1005D244	0x1005D29F	thumb	func_805D244
0x1005D2A0	0x1005D38B	thumb	func_805D2A0
0x1005D38C	0x1005D5BB	thumb	func_805D38C
0x1005D5BC	0x1005D63F	thumb	func_805D5BC
0x1005D640	0x1005D6E3	thumb	func_805D640
0x1005D6E4	0x1005D767	thumb	func_805D6E4
0x1005D768	0x1005D80F	thumb	func_805D768
0x1005D810	0x1005D877	thumb	func_805D810
0x1005D878	0x1005D8CB	thumb	func_805D878
0x1005D8CC	0x1005D93B	thumb	func_805D8CC
0x1005D93C	0x1005D953	thumb	func_805D93C
0x1005D954	0x1005D9CF	thumb	func_805D954
0x1005D9D0	0x1005DA4B	thumb	func_805D9D0
0x1005DA4C	0x1005DABF	thumb	func_805DA4C
0x1005DAC0	0x1005DB0F	thumb	func_805DAC0
0x1005DB10	0x1005DB97	thumb	func_805DB10
0x1005DB98	0x1005DC4B	thumb	func_805DB98
0x1005DC4C	0x1005DC73	thumb	func_805DC4C
0x1005DC74	0x1005E0B7	thumb	func_805DC74
0x1005E0B8	0x00000000	thumb	func_805E0B8
0x1005E3E4	0x1005E413	thumb	func_805E3E4
0x1005E414	0x1005E44F	thumb	func_805E414
0x1005E450	0x1005E477	thumb	func_805E450
0x1005E478	0x1005E59F	thumb	func_805E478
0x1005E5A0	0x1005E5CF	thumb	func_805E5A0
0x1005E5D0	0x1005E66B	thumb	func_805E5D0
0x1005E66C	0x1005E69F	thumb	func_805E66C
0x1005E6A0	0x1005E6C3	thumb	func_805E6A0
0x1005E6C4	0x1005E6F7	thumb	func_805E6C4
0x1005E6F8	0x1005E72B	thumb	func_805E6F8
0x1005E72C	0x1005E78B	thumb	func_805E72C
0x1005E78C	0x1005E79F	thumb	func_805E78C
0x1005E7A0	0x1005E7B3	thumb	func_805E7A0
0x1005E7B4	0x1005E7FF	thumb	func_805E7B4
0x1005E800	0x1005E813	thumb	func_805E800
0x1005E814	0x1005E827	thumb	func_805E814
0x1005E828	0x1005E867	thumb	func_805E828
0x1005E868	0x1005E87B	thumb	func_805E868
0x1005E87C	0x1005E88F	thumb	func_805E87C
0x1005E890	0x1005E8BF	thumb	func_805E890
0x1005E8C0	0x1005E8D3	thumb	func_805E8C0
0x1005E8D4	0x1005E8E7	thumb	func_805E8D4
0x1005E8E8	0x1005E917	thumb	func_805E8E8
0x1005E918	0x1005E92B	thumb	func_805E918
0x1005E92C	0x1005E93F	thumb	func_805E92C
0x1005E940	0x1005E987	thumb	func_805E940
0x1005E988	0x1005E993	thumb	func_805E988
0x1005E994	0x1005E9EB	thumb	func_805E994
0x1005E9EC	0x1005E9FF	thumb	func_805E9EC
0x1005EA00	0x1005EA13	thumb	func_805EA00
0x1005EA14	0x1005EA4B	thumb	func_805EA14
0x1005EA4C	0x1005EA5F	thumb	func_805EA4C
0x1005EA60	0x1005EA73	thumb	func_805EA60
0x1005EA74	0x1005EAAF	thumb	func_805EA74
0x1005EAB0	0x1005EB3B	thumb	func_805EAB0
0x1005EB3C	0x1005EB53	thumb	func_805EB3C
0x1005EB54	0x1005EB67	thumb	func_805EB54
0x1005EB68	0x1005EB7B	thumb	func_805EB68
0x1005EB7C	0x1005EB97	thumb	func_805EB7C
0x1005EB98	0x1005EBAB	thumb	func_805EB98
0x1005EBAC	0x00000000	thumb	func_805EBAC
0x1005EF40	0x1005EF6F	thumb	func_805EF40
0x1005EF70	0x1005EF9F	thumb	func_805EF70
0x1005EFA0	0x1005EFC7	thumb	func_805EFA0
0x1005EFC8	0x1005F0EF	thumb	func_805EFC8
0x1005F0F0	0x1005F11F	thumb	func_805F0F0
0x1005F120	0x1005F1BB	thumb	func_805F120
0x1005F1BC	0x1005F1EF	thumb	func_805F1BC
0x1005F1F0	0x1005F213	thumb	func_805F1F0
0x1005F214	0x1005F233	thumb	func_805F214
0x1005F234	0x1005F267	thumb	func_805F234
0x1005F268	0x1005F2EF	thumb	func_805F268
0x1005F2F0	0x1005F303	thumb	func_805F2F0
0x1005F304	0x1005F317	thumb	func_805F304
0x1005F318	0x1005F38B	thumb	func_805F318
0x1005F38C	0x1005F39F	thumb	func_805F38C
0x1005F3A0	0x1005F3B3	thumb	func_805F3A0
0x1005F3B4	0x1005F3F3	thumb	func_805F3B4
0x1005F3F4	0x1005F407	thumb	func_805F3F4
0x1005F408	0x1005F41B	thumb	func_805F408
0x1005F41C	0x1005F44B	thumb	func_805F41C
0x1005F44C	0x1005F45F	thumb	func_805F44C
0x1005F460	0x1005F473	thumb	func_805F460
0x1005F474	0x1005F4A3	thumb	func_805F474
0x1005F4A4	0x1005F4B7	thumb	func_805F4A4
0x1005F4B8	0x1005F4CB	thumb	func_805F4B8
0x1005F4CC	0x1005F53F	thumb	func_805F4CC
0x1005F540	0x1005F577	thumb	func_805F540
0x1005F578	0x1005F5CF	thumb	func_805F578
0x1005F5D0	0x1005F5E3	thumb	func_805F5D0
0x1005F5E4	0x1005F5F7	thumb	func_805F5E4
0x1005F5F8	0x1005F62F	thumb	func_805F5F8
0x1005F630	0x1005F643	thumb	func_805F630
0x1005F644	0x1005F657	thumb	func_805F644
0x1005F658	0x1005F693	thumb	func_805F658
0x1005F694	0x1005F71F	thumb	func_805F694
0x1005F720	0x1005F737	thumb	func_805F720
0x1005F738	0x1005F74B	thumb	func_805F738
0x1005F74C	0x1005F75F	thumb	func_805F74C
0x1005F760	0x1005F77B	thumb	func_805F760
0x1005F77C	0x1005F78F	thumb	func_805F77C
0x1005F790	0x00000000	thumb	func_805F790
0x1005FB24	0x1005FB93	thumb	func_805FB24
0x1005FB94	0x1005FBB7	thumb	func_805FB94
0x1005FBB8	0x1005FD03	thumb	func_805FBB8
0x1005FD04	0x1005FD2B	thumb	func_805FD04
0x1005FD2C	0x1005FDAB	thumb	func_805FD2C
0x1005FDAC	0x1005FDE3	thumb	func_805FDAC
0x1005FDE4	0x1005FDF7	thumb	func_805FDE4
0x1005FDF8	0x1005FE0B	thumb	func_805FDF8
0x1005FE0C	0x1005FE33	thumb	func_805FE0C
0x1005FE34	0x1005FE8F	thumb	func_805FE34
0x1005FE90	0x1005FFD3	thumb	func_805FE90
0x1005FFD4	0x1005FFFF	thumb	func_805FFD4
0x10060000	0x1006002B	thumb	func_8060000
0x1006002C	0x10060167	thumb	func_806002C
0x10060168	0x1006018F	thumb	func_8060168
0x10060190	0x100601B3	thumb	func_8060190
0x100601B4	0x1006022B	thumb	func_80601B4
0x1006022C	0x1006024B	thumb	func_806022C
0x1006024C	0x10060273	thumb	func_806024C
0x10060274	0x100602C3	thumb	func_8060274
0x100602C4	0x100602D7	thumb	func_80602C4
0x100602D8	0x100602EB	thumb	func_80602D8
0x100602EC	0x10060327	thumb	func_80602EC
0x10060328	0x1006033B	thumb	func_8060328
0x1006033C	0x1006034F	thumb	func_806033C
0x10060350	0x10060383	thumb	func_8060350
0x10060384	0x10060397	thumb	func_8060384
0x10060398	0x100603AB	thumb	func_8060398
0x100603AC	0x100603DB	thumb	func_80603AC
0x100603DC	0x100603EF	thumb	func_80603DC
0x100603F0	0x10060403	thumb	func_80603F0
0x10060404	0x10060427	thumb	func_8060404
0x10060428	0x1006043B	thumb	func_8060428
0x1006043C	0x1006044F	thumb	func_806043C
0x10060450	0x1006049B	thumb	func_8060450
0x1006049C	0x100604A7	thumb	func_806049C
0x100604A8	0x100604D3	thumb	func_80604A8
0x100604D4	0x100604E7	thumb	func_80604D4
0x100604E8	0x100604FB	thumb	func_80604E8
0x100604FC	0x1006052B	thumb	func_80604FC
0x1006052C	0x100605B7	thumb	func_806052C
0x100605B8	0x100605CF	thumb	func_80605B8
0x100605D0	0x100605E3	thumb	func_80605D0
0x100605E4	0x100605F7	thumb	func_80605E4
0x100605F8	0x10060613	thumb	func_80605F8
0x10060614	0x10060627	thumb	func_8060614
0x10060628	0x00000000	thumb	func_8060628
0x10060A24	0x10060A53	thumb	func_8060A24
0x10060A54	0x10060A9B	thumb	func_8060A54
0x10060A9C	0x10060ACB	thumb	func_8060A9C
0x10060ACC	0x10060C2F	thumb	func_8060ACC
0x10060C30	0x10060C5B	thumb	func_8060C30
0x10060C5C	0x10060C9B	thumb	func_8060C5C
0x10060C9C	0x10060CC7	thumb	func_8060C9C
0x10060CC8	0x10060D4B	thumb	func_8060CC8
0x10060D4C	0x10060D8F	thumb	func_8060D4C
0x10060D90	0x10060DA3	thumb	func_8060D90
0x10060DA4	0x10060DB7	thumb	func_8060DA4
0x10060DB8	0x10060DD7	thumb	func_8060DB8
0x10060DD8	0x10060E0B	thumb	func_8060DD8
0x10060E0C	0x10060E33	thumb	func_8060E0C
0x10060E34	0x10060E67	thumb	func_8060E34
0x10060E68	0x10060EDF	thumb	func_8060E68
0x10060EE0	0x10060EF3	thumb	func_8060EE0
0x10060EF4	0x10060F07	thumb	func_8060EF4
0x10060F08	0x10060F6B	thumb	func_8060F08
0x10060F6C	0x10060F7F	thumb	func_8060F6C
0x10060F80	0x10060F93	thumb	func_8060F80
0x10060F94	0x10060FC3	thumb	func_8060F94
0x10060FC4	0x10060FD7	thumb	func_8060FC4
0x10060FD8	0x10060FEB	thumb	func_8060FD8
0x10060FEC	0x1006101B	thumb	func_8060FEC
0x1006101C	0x1006102F	thumb	func_806101C
0x10061030	0x10061043	thumb	func_8061030
0x10061044	0x100610B7	thumb	func_8061044
0x100610B8	0x100610EF	thumb	func_80610B8
0x100610F0	0x10061127	thumb	func_80610F0
0x10061128	0x1006113B	thumb	func_8061128
0x1006113C	0x1006114F	thumb	func_806113C
0x10061150	0x1006117F	thumb	func_8061150
0x10061180	0x1006120B	thumb	func_8061180
0x1006120C	0x10061217	thumb	func_806120C
0x10061218	0x10061223	thumb	func_8061218
0x10061224	0x10061233	thumb	func_8061224
0x10061234	0x00000000	thumb	func_8061234
0x100615D0	0x10061737	thumb	func_80615D0
0x10061738	0x1006177B	thumb	func_8061738
0x1006177C	0x100617B7	thumb	func_806177C
0x100617B8	0x100617E7	thumb	func_80617B8
0x100617E8	0x10061817	thumb	func_80617E8
0x10061818	0x10061853	thumb	func_8061818
0x10061854	0x1006189B	thumb	func_8061854
0x1006189C	0x00000000	thumb	func_806189C
0x1006194C	0x1006197B	thumb	func_806194C
0x1006197C	0x100619AF	thumb	func_806197C
0x100619B0	0x100619D7	thumb	func_80619B0
0x100619D8	0x10061AFF	thumb	func_80619D8
0x10061B00	0x10061B2F	thumb	func_8061B00
0x10061B30	0x10061BCB	thumb	func_8061B30
0x10061BCC	0x10061BFF	thumb	func_8061BCC
0x10061C00	0x10061C23	thumb	func_8061C00
0x10061C24	0x10061C4B	thumb	func_8061C24
0x10061C4C	0x10061C7F	thumb	func_8061C4C
0x10061C80	0x10061CF7	thumb	func_8061C80
0x10061CF8	0x10061D0B	thumb	func_8061CF8
0x10061D0C	0x10061D1F	thumb	func_8061D0C
0x10061D20	0x10061D83	thumb	func_8061D20
0x10061D84	0x10061D97	thumb	func_8061D84
0x10061D98	0x10061DAB	thumb	func_8061D98
0x10061DAC	0x10061DEB	thumb	func_8061DAC
0x10061DEC	0x10061DFF	thumb	func_8061DEC
0x10061E00	0x10061E13	thumb	func_8061E00
0x10061E14	0x10061E43	thumb	func_8061E14
0x10061E44	0x10061E57	thumb	func_8061E44
0x10061E58	0x10061E6B	thumb	func_8061E58
0x10061E6C	0x10061E9B	thumb	func_8061E6C
0x10061E9C	0x10061EAF	thumb	func_8061E9C
0x10061EB0	0x10061EC3	thumb	func_8061EB0
0x10061EC4	0x10061F27	thumb	func_8061EC4
0x10061F28	0x10061F5F	thumb	func_8061F28
0x10061F60	0x10061FB7	thumb	func_8061F60
0x10061FB8	0x10061FCB	thumb	func_8061FB8
0x10061FCC	0x10061FDF	thumb	func_8061FCC
0x10061FE0	0x10062017	thumb	func_8061FE0
0x10062018	0x1006202B	thumb	func_8062018
0x1006202C	0x1006203F	thumb	func_806202C
0x10062040	0x1006207B	thumb	func_8062040
0x1006207C	0x10062107	thumb	func_806207C
0x10062108	0x1006211F	thumb	func_8062108
0x10062120	0x10062133	thumb	func_8062120
0x10062134	0x10062147	thumb	func_8062134
0x10062148	0x1006215F	thumb	func_8062148
0x10062160	0x00000000	thumb	func_8062160
0x100624F8	0x1006254B	thumb	func_80624F8
0x1006254C	0x100625A3	thumb	func_806254C
0x100625A4	0x100625FB	thumb	func_80625A4
0x100625FC	0x1006264F	thumb	func_80625FC
0x10062650	0x1006266F	thumb	func_8062650
0x10062670	0x10062683	thumb	func_8062670
0x10062684	0x100626BF	thumb	func_8062684
0x100626C0	0x100626DB	thumb	func_80626C0
0x100626DC	0x100626F3	thumb	func_80626DC
0x100626F4	0x1006270B	thumb	func_80626F4
0x1006270C	0x1006271F	thumb	func_806270C
0x10062720	0x10062733	thumb	func_8062720
0x10062734	0x10062757	thumb	func_8062734
0x10062758	0x1006276B	thumb	func_8062758
0x1006276C	0x1006277F	thumb	func_806276C
0x10062780	0x10062797	thumb	func_8062780
0x10062798	0x00000000	thumb	func_8062798
0x10062AC8	0x10062B03	thumb	func_8062AC8
0x10062B04	0x10062C0B	thumb	func_8062B04
0x10062C0C	0x10062C77	thumb	func_8062C0C
0x10062C78	0x10062D3F	thumb	func_8062C78
0x10062D40	0x10062D97	thumb	func_8062D40
0x10062D98	0x10062F5B	thumb	func_8062D98
0x10062F5C	0x10063057	thumb	func_8062F5C
0x10063058	0x10063303	thumb	func_8063058
0x10063304	0x10063383	thumb	func_8063304
0x10063384	0x100634B3	thumb	func_8063384
0x100634B4	0x1006356F	thumb	func_80634B4
0x10063570	0x1006360B	thumb	func_8063570
0x1006360C	0x10063733	thumb	func_806360C
0x10063734	0x10063887	thumb	func_8063734
0x10063888	0x1006393F	thumb	func_8063888
0x10063940	0x10063963	thumb	func_8063940
0x10063964	0x100639FF	thumb	func_8063964
0x10063A00	0x10063ABB	thumb	func_8063A00
0x10063ABC	0x10063B97	thumb	func_8063ABC
0x10063B98	0x10063C03	thumb	func_8063B98
0x10063C04	0x10063CF7	thumb	func_8063C04
0x10063CF8	0x10063D57	thumb	func_8063CF8
0x10063D58	0x10063DB7	thumb	func_8063D58
0x10063DB8	0x10063DFF	thumb	func_8063DB8
0x10063E00	0x10063E6F	thumb	func_8063E00
0x10063E70	0x10063EAB	thumb	func_8063E70
0x10063EAC	0x10063FF3	thumb	func_8063EAC
0x10063FF4	0x100640CB	thumb	func_8063FF4
0x100640CC	0x10064167	thumb	func_80640CC
0x10064168	0x100642CB	thumb	func_8064168
0x100642CC	0x100643B7	thumb	func_80642CC
0x100643B8	0x10064437	thumb	func_80643B8
0x10064438	0x10064497	thumb	func_8064438
0x10064498	0x100644EB	thumb	func_8064498
0x100644EC	0x1006456F	thumb	func_80644EC
0x10064570	0x1006459B	thumb	func_8064570
0x1006459C	0x100645CB	thumb	func_806459C
0x100645CC	0x10064777	thumb	func_80645CC
0x10064778	0x100647BF	thumb	func_8064778
0x100647C0	0x1006480B	thumb	func_80647C0
0x1006480C	0x1006487B	thumb	func_806480C
0x1006487C	0x10064AEF	thumb	func_806487C
0x10064AF0	0x10064BBF	thumb	func_8064AF0
0x10064BC0	0x100652A3	thumb	func_8064BC0
0x100652A4	0x10065313	thumb	func_80652A4
0x10065314	0x1006537F	thumb	func_8065314
0x10065380	0x10065397	thumb	func_8065380
0x10065398	0x100653FF	thumb	func_8065398
0x10065400	0x1006547F	thumb	func_8065400
0x10065480	0x10065493	thumb	func_8065480
0x10065494	0x1006550F	thumb	func_8065494
0x10065510	0x10065573	thumb	func_8065510
0x10065574	0x1006558B	thumb	func_8065574
0x1006558C	0x1006569F	thumb	func_806558C
0x100656A0	0x10065783	thumb	func_80656A0
0x10065784	0x100657FB	thumb	func_8065784
0x100657FC	0x1006586B	thumb	func_80657FC
0x1006586C	0x100658C7	thumb	func_806586C
0x100658C8	0x100659E7	thumb	func_80658C8
0x100659E8	0x10065A17	thumb	func_80659E8
0x10065A18	0x10065A53	thumb	func_8065A18
0x10065A54	0x10065A6F	thumb	func_8065A54
0x10065A70	0x10065B13	thumb	func_8065A70
0x10065B14	0x10065B3B	thumb	func_8065B14
0x10065B3C	0x10065B77	thumb	func_8065B3C
0x10065B78	0x10065BB3	thumb	func_8065B78
0x10065BB4	0x10065BC7	thumb	func_8065BB4
0x10065BC8	0x10065BDB	thumb	func_8065BC8
0x10065BDC	0x10065BEF	thumb	func_8065BDC
0x10065BF0	0x10065C0B	thumb	func_8065BF0
0x10065C0C	0x10065C27	thumb	func_8065C0C
0x10065C28	0x10065C53	thumb	func_8065C28
0x10065C54	0x10065C67	thumb	func_8065C54
0x10065C68	0x10065C7B	thumb	func_8065C68
0x10065C7C	0x10065C9F	thumb	func_8065C7C
0x10065CA0	0x10065CAB	thumb	func_8065CA0
0x10065CAC	0x10065CB7	thumb	func_8065CAC
0x10065CB8	0x10065CC7	thumb	func_8065CB8
0x10065CC8	0x10065CD7	thumb	func_8065CC8
0x10065CD8	0x10065CE7	thumb	func_8065CD8
0x10065CE8	0x10065D7B	thumb	func_8065CE8
0x10065D7C	0x10065E03	thumb	func_8065D7C
0x10065E04	0x10065E53	thumb	func_8065E04
0x10065E54	0x10065EA3	thumb	func_8065E54
0x10065EA4	0x10065EC7	thumb	func_8065EA4
0x10065EC8	0x10065EE3	thumb	func_8065EC8
0x10065EE4	0x10065F27	thumb	func_8065EE4
0x10065F28	0x10065F7F	thumb	func_8065F28
0x10065F80	0x10065F93	thumb	func_8065F80
0x10065F94	0x10065FA7	thumb	func_8065F94
0x10065FA8	0x10065FBB	thumb	func_8065FA8
0x10065FBC	0x10065FD7	thumb	func_8065FBC
0x10065FD8	0x10065FF3	thumb	func_8065FD8
0x10065FF4	0x1006601F	thumb	func_8065FF4
0x10066020	0x10066033	thumb	func_8066020
0x10066034	0x10066047	thumb	func_8066034
0x10066048	0x1006606B	thumb	func_8066048
0x1006606C	0x10066083	thumb	func_806606C
0x10066084	0x1006609B	thumb	func_8066084
0x1006609C	0x100660B7	thumb	func_806609C
0x100660B8	0x100660D3	thumb	func_80660B8
0x100660D4	0x100660E3	thumb	func_80660D4
0x100660E4	0x10066197	thumb	func_80660E4
0x10066198	0x100661FB	thumb	func_8066198
0x100661FC	0x10066213	thumb	func_80661FC
0x10066214	0x10066377	thumb	func_8066214
0x10066378	0x100663A7	thumb	func_8066378
0x100663A8	0x100663FF	thumb	func_80663A8
0x10066400	0x10066413	thumb	func_8066400
0x10066414	0x10066427	thumb	func_8066414
0x10066428	0x1006643B	thumb	func_8066428
0x1006643C	0x10066457	thumb	func_806643C
0x10066458	0x10066473	thumb	func_8066458
0x10066474	0x100664B7	thumb	func_8066474
0x100664B8	0x100664CB	thumb	func_80664B8
0x100664CC	0x100664DF	thumb	func_80664CC
0x100664E0	0x1006651F	thumb	func_80664E0
0x10066520	0x1006656B	thumb	func_8066520
0x1006656C	0x100665B7	thumb	func_806656C
0x100665B8	0x100665E3	thumb	func_80665B8
0x100665E4	0x1006660F	thumb	func_80665E4
0x10066610	0x1006663F	thumb	func_8066610
0x10066640	0x1006666F	thumb	func_8066640
0x10066670	0x1006667F	thumb	func_8066670
0x10066680	0x10066727	thumb	func_8066680
0x10066728	0x100667AB	thumb	func_8066728
0x100667AC	0x100667EB	thumb	func_80667AC
0x100667EC	0x10066833	thumb	func_80667EC
0x10066834	0x10066853	thumb	func_8066834
0x10066854	0x10066867	thumb	func_8066854
0x10066868	0x1006687B	thumb	func_8066868
0x1006687C	0x1006688F	thumb	func_806687C
0x10066890	0x100668CF	thumb	func_8066890
0x100668D0	0x100668E3	thumb	func_80668D0
0x100668E4	0x100668F7	thumb	func_80668E4
0x100668F8	0x1006690F	thumb	func_80668F8
0x10066910	0x10066923	thumb	func_8066910
0x10066924	0x10066937	thumb	func_8066924
0x10066938	0x10066943	thumb	func_8066938
0x10066944	0x1006694F	thumb	func_8066944
0x10066950	0x100669EF	thumb	func_8066950
0x100669F0	0x10066A0F	thumb	func_80669F0
0x10066A10	0x10066A23	thumb	func_8066A10
0x10066A24	0x10066A33	thumb	func_8066A24
0x10066A34	0x10066A47	thumb	func_8066A34
0x10066A48	0x10066A57	thumb	func_8066A48
0x10066A58	0x10066A83	thumb	func_8066A58
0x10066A84	0x10066AA3	thumb	func_8066A84
0x10066AA4	0x10066B3B	thumb	func_8066AA4
0x10066B3C	0x10066B63	thumb	func_8066B3C
0x10066B64	0x10066C73	thumb	func_8066B64
0x10066C74	0x10066CB3	thumb	func_8066C74
0x10066CB4	0x10066CDF	thumb	func_8066CB4
0x10066CE0	0x10066D0B	thumb	func_8066CE0
0x10066D0C	0x10066D2B	thumb	func_8066D0C
0x10066D2C	0x10066D4B	thumb	func_8066D2C
0x10066D4C	0x10066D6F	thumb	func_8066D4C
0x10066D70	0x10066D8B	thumb	func_8066D70
0x10066D8C	0x10066E0F	thumb	func_8066D8C
0x10066E10	0x10066E2F	thumb	func_8066E10
0x10066E30	0x10066EAF	thumb	func_8066E30
0x10066EB0	0x10066EDB	thumb	func_8066EB0
0x10066EDC	0x10066F9B	thumb	func_8066EDC
0x10066F9C	0x10066FFF	thumb	func_8066F9C
0x10067000	0x1006701B	thumb	func_8067000
0x1006701C	0x1006708B	thumb	func_806701C
0x1006708C	0x100671FF	thumb	func_806708C
0x10067200	0x10067217	thumb	func_8067200
0x10067218	0x1006723B	thumb	func_8067218
0x1006723C	0x1006729B	thumb	func_806723C
0x1006729C	0x1006731F	thumb	func_806729C
0x10067320	0x10067333	thumb	func_8067320
0x10067334	0x10067347	thumb	func_8067334
0x10067348	0x1006735B	thumb	func_8067348
0x1006735C	0x10067377	thumb	func_806735C
0x10067378	0x10067393	thumb	func_8067378
0x10067394	0x100673BB	thumb	func_8067394
0x100673BC	0x100673CF	thumb	func_80673BC
0x100673D0	0x100673E3	thumb	func_80673D0
0x100673E4	0x10067407	thumb	func_80673E4
0x10067408	0x1006746F	thumb	func_8067408
0x10067470	0x1006748F	thumb	func_8067470
0x10067490	0x100674AB	thumb	func_8067490
0x100674AC	0x1006763B	thumb	func_80674AC
0x1006763C	0x100676BF	thumb	func_806763C
0x100676C0	0x100676DF	thumb	func_80676C0
0x100676E0	0x1006778B	thumb	func_80676E0
0x1006778C	0x100677B7	thumb	func_806778C
0x100677B8	0x100677DB	thumb	func_80677B8
0x100677DC	0x100677FF	thumb	func_80677DC
0x10067800	0x10067823	thumb	func_8067800
0x10067824	0x10067837	thumb	func_8067824
0x10067838	0x10067893	thumb	func_8067838
0x10067894	0x100678AB	thumb	func_8067894
0x100678AC	0x10067903	thumb	func_80678AC
0x10067904	0x1006797F	thumb	func_8067904
0x10067980	0x100679A7	thumb	func_8067980
0x100679A8	0x00000000	thumb	func_80679A8
0x10069734	0x100697A3	thumb	func_8069734
0x100697A4	0x100697D3	thumb	func_80697A4
0x100697D4	0x10069867	thumb	func_80697D4
0x10069868	0x100698E3	thumb	func_8069868
0x100698E4	0x1006993F	thumb	func_80698E4
0x10069940	0x1006995F	thumb	func_8069940
0x10069960	0x00000000	thumb	func_8069960
0x100699D8	0x10069A53	thumb	func_80699D8
0x10069A54	0x10069ACF	thumb	func_8069A54
0x10069AD0	0x10069B3B	thumb	func_8069AD0
0x10069B3C	0x10069B73	thumb	func_8069B3C
0x10069B74	0x10069BBF	thumb	func_8069B74
0x10069BC0	0x10069C0B	thumb	func_8069BC0
0x10069C0C	0x00000000	thumb	func_8069C0C
0x10069D54	0x10069E27	thumb	func_8069D54
0x10069E28	0x10069F57	thumb	func_8069E28
0x10069F58	0x10069F77	thumb	func_8069F58
0x10069F78	0x1006A0AF	thumb	func_8069F78
0x1006A0B0	0x1006A0CF	thumb	func_806A0B0
0x1006A0D0	0x1006A14B	thumb	func_806A0D0
0x1006A14C	0x1006A17B	thumb	func_806A14C
0x1006A17C	0x1006A197	thumb	func_806A17C
0x1006A198	0x1006A1B3	thumb	func_806A198
0x1006A1B4	0x1006A1FB	thumb	func_806A1B4
0x1006A1FC	0x1006A243	thumb	func_806A1FC
0x1006A244	0x1006A263	thumb	func_806A244
0x1006A264	0x1006A2A7	thumb	func_806A264
0x1006A2A8	0x1006A2D7	thumb	func_806A2A8
0x1006A2D8	0x1006A2F7	thumb	func_806A2D8
0x1006A2F8	0x1006A31F	thumb	func_806A2F8
0x1006A320	0x1006A34F	thumb	func_806A320
0x1006A350	0x1006A363	thumb	func_806A350
0x1006A364	0x1006A377	thumb	func_806A364
0x1006A378	0x1006A39B	thumb	func_806A378
0x1006A39C	0x1006A3AF	thumb	func_806A39C
0x1006A3B0	0x1006A3C3	thumb	func_806A3B0
0x1006A3C4	0x1006A3EF	thumb	func_806A3C4
0x1006A3F0	0x1006A41B	thumb	func_806A3F0
0x1006A41C	0x1006A42F	thumb	func_806A41C
0x1006A430	0x1006A443	thumb	func_806A430
0x1006A444	0x1006A46B	thumb	func_806A444
0x1006A46C	0x1006A4F7	thumb	func_806A46C
0x1006A4F8	0x1006A50F	thumb	func_806A4F8
0x1006A510	0x1006A523	thumb	func_806A510
0x1006A524	0x1006A537	thumb	func_806A524
0x1006A538	0x1006A56B	thumb	func_806A538
0x1006A56C	0x1006A57F	thumb	func_806A56C
0x1006A580	0x00000000	thumb	func_806A580
0x1006AF4C	0x1006B3E7	thumb	func_806AF4C
0x1006B3E8	0x1006B40F	thumb	func_806B3E8
0x1006B410	0x1006B71B	thumb	func_806B410
0x1006B71C	0x1006B80F	thumb	func_806B71C
0x1006B810	0x1006B863	thumb	func_806B810
0x1006B864	0x1006BACF	thumb	func_806B864
0x1006BAD0	0x1006BB4B	thumb	func_806BAD0
0x1006BB4C	0x1006BD63	thumb	func_806BB4C
0x1006BD64	0x1006BDF7	thumb	func_806BD64
0x1006BDF8	0x1006BF03	thumb	func_806BDF8
0x1006BF04	0x1006BF3B	thumb	func_806BF04
0x1006BF3C	0x1006BF87	thumb	func_806BF3C
0x1006BF88	0x1006C0E7	thumb	func_806BF88
0x1006C0E8	0x1006C12F	thumb	func_806C0E8
0x1006C130	0x1006C21B	thumb	func_806C130
0x1006C21C	0x1006C2CB	thumb	func_806C21C
0x1006C2CC	0x1006C32F	thumb	func_806C2CC
0x1006C330	0x1006C5BB	thumb	func_806C330
0x1006C5BC	0x1006C693	thumb	func_806C5BC
0x1006C694	0x1006C75B	thumb	func_806C694
0x1006C75C	0x00000000	thumb	func_806C75C
0x1006C828	0x1006C8E3	thumb	func_806C828
0x1006C8E4	0x1006C9D3	thumb	func_806C8E4
0x1006C9D4	0x1006C9FF	thumb	func_806C9D4
0x1006CA00	0x1006CCE3	thumb	func_806CA00
0x1006CCE4	0x1006CF27	thumb	func_806CCE4
0x1006CF28	0x1006D217	thumb	func_806CF28
0x1006D218	0x1006D3A3	thumb	func_806D218
0x1006D3A4	0x00000000	thumb	func_806D3A4
0x1006D3C0	0x1006D4BF	thumb	func_806D3C0
0x1006D4C0	0x1006D5BF	thumb	func_806D4C0
0x1006D5C0	0x1006D72F	thumb	func_806D5C0
0x1006D730	0x1006D733	thumb	func_806D730
0x1006D734	0x1006D73F	thumb	func_806D734
0x1006D740	0x1006D75B	thumb	func_806D740
0x1006D75C	0x1006D77B	thumb	func_806D75C
0x1006D77C	0x1006D797	thumb	func_806D77C
0x1006D798	0x1006D7B7	thumb	func_806D798
0x1006D7B8	0x1006D7D7	thumb	func_806D7B8
0x1006D7D8	0x1006D7F7	thumb	func_806D7D8
0x1006D7F8	0x1006D82B	thumb	func_806D7F8
0x1006D82C	0x1006D853	thumb	func_806D82C
0x1006D854	0x1006D88B	thumb	func_806D854
0x1006D88C	0x1006D89B	thumb	func_806D88C
0x1006D89C	0x00000000	thumb	func_806D89C
0x1006DAC0	0x1006DD43	thumb	func_806DAC0
0x1006DD44	0x1006DDE3	thumb	func_806DD44
0x1006DDE4	0x1006DE8B	thumb	func_806DDE4
0x1006DE8C	0x1006DF3B	thumb	func_806DE8C
0x1006DF3C	0x1006DFD7	thumb	func_806DF3C
0x1006DFD8	0x1006E01B	thumb	func_806DFD8
0x1006E01C	0x00000000	thumb	func_806E01C
0x1006E08C	0x1006E1E7	thumb	func_806E08C
0x1006E1E8	0x1006E2B7	thumb	func_806E1E8
0x1006E2B8	0x1006E2E7	thumb	func_806E2B8
0x1006E2E8	0x00000000	thumb	func_806E2E8
0x1006E3BC	0x1006E41F	thumb	func_806E3BC
0x1006E420	0x1006E507	thumb	func_806E420
0x1006E508	0x1006E547	thumb	func_806E508
0x1006E548	0x1006E597	thumb	func_806E548
0x1006E598	0x1006E5D3	thumb	func_806E598
0x1006E5D4	0x1006E72B	thumb	func_806E5D4
0x1006E72C	0x1006E77F	thumb	func_806E72C
0x1006E780	0x1006E7F7	thumb	func_806E780
0x1006E7F8	0x1006E903	thumb	func_806E7F8
0x1006E904	0x1006EACB	thumb	func_806E904
0x1006EACC	0x1006EB77	thumb	func_806EACC
0x1006EB78	0x1006EBA7	thumb	func_806EB78
0x1006EBA8	0x00000000	thumb	func_806EBA8
0x1006EC50	0x1006ED73	thumb	func_806EC50
0x1006ED74	0x1006EDFB	thumb	func_806ED74
0x1006EDFC	0x1006EE97	thumb	func_806EDFC
0x1006EE98	0x1006EFB3	thumb	func_806EE98
0x1006EFB4	0x1006EFEB	thumb	func_806EFB4
0x1006EFEC	0x1006F057	thumb	func_806EFEC
0x1006F058	0x1006F0CF	thumb	func_806F058
0x1006F0D0	0x1006F11B	thumb	func_806F0D0
0x1006F11C	0x1006F1BF	thumb	func_806F11C
0x1006F1C0	0x1006F2AB	thumb	func_806F1C0
0x1006F2AC	0x1006F2D7	thumb	func_806F2AC
0x1006F2D8	0x1006F327	thumb	func_806F2D8
0x1006F328	0x1006F3AF	thumb	func_806F328
0x1006F3B0	0x1006F423	thumb	func_806F3B0
0x1006F424	0x1006F4BB	thumb	func_806F424
0x1006F4BC	0x1006F523	thumb	func_806F4BC
0x1006F524	0x1006F64F	thumb	func_806F524
0x1006F650	0x1006F683	thumb	func_806F650
0x1006F684	0x1006F707	thumb	func_806F684
0x1006F708	0x1006F793	thumb	func_806F708
0x1006F794	0x1006F7CB	thumb	func_806F794
0x1006F7CC	0x1006F837	thumb	func_806F7CC
0x1006F838	0x1006F9D7	thumb	func_806F838
0x1006F9D8	0x1006FBA3	thumb	func_806F9D8
0x1006FBA4	0x1006FCAB	thumb	func_806FBA4
0x1006FCAC	0x1006FD1B	thumb	func_806FCAC
0x1006FD1C	0x1006FD47	thumb	func_806FD1C
0x1006FD48	0x1006FD73	thumb	func_806FD48
0x1006FD74	0x1006FF63	thumb	func_806FD74
0x1006FF64	0x1006FFAF	thumb	func_806FF64
0x1006FFB0	0x10070097	thumb	func_806FFB0
0x10070098	0x10070153	thumb	func_8070098
0x10070154	0x00000000	thumb	func_8070154
0x100701F4	0x10070207	thumb	func_80701F4
0x10070208	0x10070247	thumb	func_8070208
0x10070248	0x10070287	thumb	func_8070248
0x10070288	0x100702C7	thumb	func_8070288
0x100702C8	0x10070307	thumb	func_80702C8
0x10070308	0x10070347	thumb	func_8070308
0x10070348	0x100703DB	thumb	func_8070348
0x100703DC	0x1007053B	thumb	func_80703DC
0x1007053C	0x100705D7	thumb	func_807053C
0x100705D8	0x10070747	thumb	func_80705D8
0x10070748	0x100708DB	thumb	func_8070748
0x100708DC	0x10070963	thumb	func_80708DC
0x10070964	0x10070A83	thumb	func_8070964
0x10070A84	0x10070BB7	thumb	func_8070A84
0x10070BB8	0x10070C37	thumb	func_8070BB8
0x10070C38	0x10070CB7	thumb	func_8070C38
0x10070CB8	0x10070D1F	thumb	func_8070CB8
0x10070D20	0x10070D67	thumb	func_8070D20
0x10070D68	0x10070DAB	thumb	func_8070D68
0x10070DAC	0x10070DE3	thumb	func_8070DAC
0x10070DE4	0x10070E23	thumb	func_8070DE4
0x10070E24	0x10070FDB	thumb	func_8070E24
0x10070FDC	0x100710D7	thumb	func_8070FDC
0x100710D8	0x100711E7	thumb	func_80710D8
0x100711E8	0x10071237	thumb	func_80711E8
0x10071238	0x1007125F	thumb	func_8071238
0x10071260	0x100712B3	thumb	func_8071260
0x100712B4	0x100712F7	thumb	func_80712B4
0x100712F8	0x10071393	thumb	func_80712F8
0x10071394	0x100714EF	thumb	func_8071394
0x100714F0	0x00000000	thumb	func_80714F0
0x10071598	0x100715FF	thumb	func_8071598
0x10071600	0x1007175F	thumb	func_8071600
0x10071760	0x100717AB	thumb	func_8071760
0x100717AC	0x100717E3	thumb	func_80717AC
0x100717E4	0x1007180B	thumb	func_80717E4
0x1007180C	0x10071833	thumb	func_807180C
0x10071834	0x1007185B	thumb	func_8071834
0x1007185C	0x1007189F	thumb	func_807185C
0x100718A0	0x100718E3	thumb	func_80718A0
0x100718E4	0x10071923	thumb	func_80718E4
0x10071924	0x10071963	thumb	func_8071924
0x10071964	0x100719A7	thumb	func_8071964
0x100719A8	0x100719E7	thumb	func_80719A8
0x100719E8	0x10071A03	thumb	func_80719E8
0x10071A04	0x10071A2B	thumb	func_8071A04
0x10071A2C	0x10071AE7	thumb	func_8071A2C
0x10071AE8	0x10071BBF	thumb	func_8071AE8
0x10071BC0	0x10071C53	thumb	func_8071BC0
0x10071C54	0x10071D27	thumb	func_8071C54
0x10071D28	0x10071DB7	thumb	func_8071D28
0x10071DB8	0x10071E23	thumb	func_8071DB8
0x10071E24	0x10071F2B	thumb	func_8071E24
0x10071F2C	0x10071FB7	thumb	func_8071F2C
0x10071FB8	0x1007204F	thumb	func_8071FB8
0x10072050	0x00000000	thumb	func_8072050
0x100720E8	0x1007239B	thumb	func_80720E8
0x1007239C	0x100723CB	thumb	func_807239C
0x100723CC	0x100725AB	thumb	func_80723CC
0x100725AC	0x10072703	thumb	func_80725AC
0x10072704	0x10072753	thumb	func_8072704
0x10072754	0x100727F7	thumb	func_8072754
0x100727F8	0x100728BF	thumb	func_80727F8
0x100728C0	0x100728E3	thumb	func_80728C0
0x100728E4	0x00000000	thumb	func_80728E4
0x10072964	0x10072B23	thumb	func_8072964
0x10072B24	0x10072B73	thumb	func_8072B24
0x10072B74	0x10072B87	thumb	func_8072B74
0x10072B88	0x10072B97	thumb	func_8072B88
0x10072B98	0x00000000	thumb	func_8072B98
0x10072CA0	0x10072D23	thumb	func_8072CA0
0x10072D24	0x10072E8B	thumb	func_8072D24
0x10072E8C	0x10072F0B	thumb	func_8072E8C
0x10072F0C	0x10072FAF	thumb	func_8072F0C
0x10072FB0	0x10073417	thumb	func_8072FB0
0x10073418	0x1007345B	thumb	func_8073418
0x1007345C	0x1007387F	thumb	func_807345C
0x10073880	0x100738FB	thumb	func_8073880
0x100738FC	0x10073A17	thumb	func_80738FC
0x10073A18	0x10073B0F	thumb	func_8073A18
0x10073B10	0x10073B23	thumb	func_8073B10
0x10073B24	0x10073B37	thumb	func_8073B24
0x10073B38	0x10073B9F	thumb	func_8073B38
0x10073BA0	0x10073BDF	thumb	func_8073BA0
0x10073BE0	0x10073CDB	thumb	func_8073BE0
0x10073CDC	0x10073DA3	thumb	func_8073CDC
0x10073DA4	0x10073E9B	thumb	func_8073DA4
0x10073E9C	0x10073FD7	thumb	func_8073E9C
0x10073FD8	0x1007403B	thumb	func_8073FD8
0x1007403C	0x10074087	thumb	func_807403C
0x10074088	0x1007413F	thumb	func_8074088
0x10074140	0x100741EF	thumb	func_8074140
0x100741F0	0x100742D7	thumb	func_80741F0
0x100742D8	0x10074393	thumb	func_80742D8
0x10074394	0x00000000	thumb	func_8074394
0x10074808	0x10074987	thumb	func_8074808
0x10074988	0x10074D9B	thumb	func_8074988
0x10074D9C	0x10074F43	thumb	func_8074D9C
0x10074F44	0x10074FAB	thumb	func_8074F44
0x10074FAC	0x1007507B	thumb	func_8074FAC
0x1007507C	0x00000000	thumb	func_807507C
0x100752F0	0x10075387	thumb	func_80752F0
0x10075388	0x1007569B	thumb	func_8075388
0x1007569C	0x10075887	thumb	func_807569C
0x10075888	0x10075973	thumb	func_8075888
0x10075974	0x10075987	thumb	func_8075974
0x10075988	0x10075B4F	thumb	func_8075988
0x10075B50	0x10075F43	thumb	func_8075B50
0x10075F44	0x100762E3	thumb	func_8075F44
0x100762E4	0x10076783	thumb	func_80762E4
0x10076784	0x100767DB	thumb	func_8076784
0x100767DC	0x1007687B	thumb	func_80767DC
0x1007687C	0x1007690B	thumb	func_807687C
0x1007690C	0x1007694F	thumb	func_807690C
0x10076950	0x10076997	thumb	func_8076950
0x10076998	0x10076A0B	thumb	func_8076998
0x10076A0C	0x00000000	thumb	func_8076A0C
0x10076A54	0x10076A8F	thumb	func_8076A54
0x10076A90	0x10076B47	thumb	func_8076A90
0x10076B48	0x10076BFF	thumb	func_8076B48
0x10076C00	0x10076CD7	thumb	func_8076C00
0x10076CD8	0x10076D9F	thumb	func_8076CD8
0x10076DA0	0x10076E67	thumb	func_8076DA0
0x10076E68	0x10076E7B	thumb	func_8076E68
0x10076E7C	0x10076E8F	thumb	func_8076E7C
0x10076E90	0x10076EA3	thumb	func_8076E90
0x10076EA4	0x10076EB7	thumb	func_8076EA4
0x10076EB8	0x10076ECB	thumb	func_8076EB8
0x10076ECC	0x10076EF7	thumb	func_8076ECC
0x10076EF8	0x10076F37	thumb	func_8076EF8
0x10076F38	0x10076F67	thumb	func_8076F38
0x10076F68	0x10076F93	thumb	func_8076F68
0x10076F94	0x10076FBF	thumb	func_8076F94
0x10076FC0	0x10076FEB	thumb	func_8076FC0
0x10076FEC	0x10077017	thumb	func_8076FEC
0x10077018	0x10077043	thumb	func_8077018
0x10077044	0x1007706F	thumb	func_8077044
0x10077070	0x1007709B	thumb	func_8077070
0x1007709C	0x100770C7	thumb	func_807709C
0x100770C8	0x100770F3	thumb	func_80770C8
0x100770F4	0x1007711F	thumb	func_80770F4
0x10077120	0x1007714B	thumb	func_8077120
0x1007714C	0x100771F3	thumb	func_807714C
0x100771F4	0x10077247	thumb	func_80771F4
0x10077248	0x1007732F	thumb	func_8077248
0x10077330	0x100773F7	thumb	func_8077330
0x100773F8	0x1007743F	thumb	func_80773F8
0x10077440	0x10077487	thumb	func_8077440
0x10077488	0x100774CF	thumb	func_8077488
0x100774D0	0x10077517	thumb	func_80774D0
0x10077518	0x1007755F	thumb	func_8077518
0x10077560	0x100775A7	thumb	func_8077560
0x100775A8	0x100775EF	thumb	func_80775A8
0x100775F0	0x10077637	thumb	func_80775F0
0x10077638	0x1007767F	thumb	func_8077638
0x10077680	0x100776C7	thumb	func_8077680
0x100776C8	0x100776F3	thumb	func_80776C8
0x100776F4	0x1007771F	thumb	func_80776F4
0x10077720	0x1007774B	thumb	func_8077720
0x1007774C	0x10077777	thumb	func_807774C
0x10077778	0x100777A3	thumb	func_8077778
0x100777A4	0x100777CF	thumb	func_80777A4
0x100777D0	0x100777FB	thumb	func_80777D0
0x100777FC	0x10077827	thumb	func_80777FC
0x10077828	0x10077853	thumb	func_8077828
0x10077854	0x1007787F	thumb	func_8077854
0x10077880	0x100778AB	thumb	func_8077880
0x100778AC	0x100778D7	thumb	func_80778AC
0x100778D8	0x10077903	thumb	func_80778D8
0x10077904	0x1007792F	thumb	func_8077904
0x10077930	0x1007795B	thumb	func_8077930
0x1007795C	0x10077987	thumb	func_807795C
0x10077988	0x100779B3	thumb	func_8077988
0x100779B4	0x100779DF	thumb	func_80779B4
0x100779E0	0x10077A0B	thumb	func_80779E0
0x10077A0C	0x10077A37	thumb	func_8077A0C
0x10077A38	0x10077A63	thumb	func_8077A38
0x10077A64	0x10077A8F	thumb	func_8077A64
0x10077A90	0x10077ABB	thumb	func_8077A90
0x10077ABC	0x10077AE7	thumb	func_8077ABC
0x10077AE8	0x10077B13	thumb	func_8077AE8
0x10077B14	0x10077B3F	thumb	func_8077B14
0x10077B40	0x10077B6B	thumb	func_8077B40
0x10077B6C	0x10077B97	thumb	func_8077B6C
0x10077B98	0x10077BC3	thumb	func_8077B98
0x10077BC4	0x10077BEF	thumb	func_8077BC4
0x10077BF0	0x10077C1B	thumb	func_8077BF0
0x10077C1C	0x10077C47	thumb	func_8077C1C
0x10077C48	0x10077C73	thumb	func_8077C48
0x10077C74	0x10077C9F	thumb	func_8077C74
0x10077CA0	0x10077CCB	thumb	func_8077CA0
0x10077CCC	0x10077CF7	thumb	func_8077CCC
0x10077CF8	0x10077D23	thumb	func_8077CF8
0x10077D24	0x10077D4F	thumb	func_8077D24
0x10077D50	0x10077D5B	thumb	func_8077D50
0x10077D5C	0x100781F9	thumb	func_8077D5C
0x100781FA	0x100782A3	thumb	func_80781FA
0x100782A4	0x10078A7F	thumb	func_80782A4
0x10078A80	0x10078D5F	thumb	func_8078A80
0x10078D60	0x10078D97	thumb	func_8078D60
0x10078D98	0x10078E2F	thumb	func_8078D98
0x10078E30	0x1007907B	thumb	func_8078E30
0x1007907C	0x1007915B	thumb	func_807907C
0x1007915C	0x10079573	thumb	func_807915C
0x10079574	0x1007983B	thumb	func_8079574
0x1007983C	0x10079867	thumb	func_807983C
0x10079868	0x1007988F	thumb	func_8079868
0x10079890	0x100798B7	thumb	func_8079890
0x100798B8	0x100798DF	thumb	func_80798B8
0x100798E0	0x10079907	thumb	func_80798E0
0x10079908	0x1007992F	thumb	func_8079908
0x10079930	0x10079957	thumb	func_8079930
0x10079958	0x1007997F	thumb	func_8079958
0x10079980	0x00000000	thumb	func_8079980
0x1007A380	0x1007A3D3	thumb	func_807A380
0x1007A3D4	0x1007A427	thumb	func_807A3D4
0x1007A428	0x1007A457	thumb	func_807A428
0x1007A458	0x1007A46B	thumb	func_807A458
0x1007A46C	0x1007A48F	thumb	func_807A46C
0x1007A490	0x1007A4B3	thumb	func_807A490
0x1007A4B4	0x1007A527	thumb	func_807A4B4
0x1007A528	0x1007A667	thumb	func_807A528
0x1007A668	0x1007A6FF	thumb	func_807A668
0x1007A700	0x1007A823	thumb	func_807A700
0x1007A824	0x1007AA4B	thumb	func_807A824
0x1007AA4C	0x1007AB8B	thumb	func_807AA4C
0x1007AB8C	0x1007ACCB	thumb	func_807AB8C
0x1007ACCC	0x1007ACDB	thumb	func_807ACCC
0x1007ACDC	0x00000000	thumb	func_807ACDC
0x1007ADFC	0x1007AEEF	thumb	func_807ADFC
0x1007AEF0	0x1007B353	thumb	func_807AEF0
0x1007B354	0x1007B387	thumb	func_807B354
0x1007B388	0x1007B3BF	thumb	func_807B388
0x1007B3C0	0x1007B41F	thumb	func_807B3C0
0x1007B420	0x1007B4D3	thumb	func_807B420
0x1007B4D4	0x1007B543	thumb	func_807B4D4
0x1007B544	0x1007B757	thumb	func_807B544
0x1007B758	0x1007B807	thumb	func_807B758
0x1007B808	0x1007B82B	thumb	func_807B808
0x1007B82C	0x1007B93F	thumb	func_807B82C
0x1007B940	0x1007BBD3	thumb	func_807B940
0x1007BBD4	0x1007BD8F	thumb	func_807BBD4
0x1007BD90	0x1007BF87	thumb	func_807BD90
0x1007BF88	0x1007C06B	thumb	func_807BF88
0x1007C06C	0x1007C0D7	thumb	func_807C06C
0x1007C0D8	0x1007C117	thumb	func_807C0D8
0x1007C118	0x1007C15F	thumb	func_807C118
0x1007C160	0x1007C24B	thumb	func_807C160
0x1007C24C	0x00000000	thumb	func_807C24C
0x1007CAB8	0x1007CADB	thumb	func_807CAB8
0x1007CADC	0x1007D10B	thumb	func_807CADC
0x1007D10C	0x1007D293	thumb	func_807D10C
0x1007D294	0x1007D363	thumb	func_807D294
0x1007D364	0x1007D40F	thumb	func_807D364
0x1007D410	0x1007D4DB	thumb	func_807D410
0x1007D4DC	0x1007D5C7	thumb	func_807D4DC
0x1007D5C8	0x1007D627	thumb	func_807D5C8
0x1007D628	0x1007D963	thumb	func_807D628
0x1007D964	0x1007DB73	thumb	func_807D964
0x1007DB74	0x1007DDCB	thumb	func_807DB74
0x1007DDCC	0x1007E13F	thumb	func_807DDCC
0x1007E140	0x1007E5FF	thumb	func_807E140
0x1007E600	0x1007E643	thumb	func_807E600
0x1007E644	0x1007E687	thumb	func_807E644
0x1007E688	0x1007E6EB	thumb	func_807E688
0x1007E6EC	0x1007E71F	thumb	func_807E6EC
0x1007E720	0x1007E767	thumb	func_807E720
0x1007E768	0x1007E7AF	thumb	func_807E768
0x1007E7B0	0x1007F6B3	thumb	func_807E7B0
0x1007F6B4	0x1007F76F	thumb	func_807F6B4
0x1007F770	0x1007F7CF	thumb	func_807F770
0x1007F7D0	0x1007F837	thumb	func_807F7D0
0x1007F838	0x00000000	thumb	func_807F838
0x1007F8D0	0x1007F923	thumb	func_807F8D0
0x1007F924	0x1007FAA3	thumb	func_807F924
0x1007FAA4	0x1007FB1F	thumb	func_807FAA4
0x1007FB20	0x1007FD93	thumb	func_807FB20
0x1007FD94	0x1007FF27	thumb	func_807FD94
0x1007FF28	0x1007FFD7	thumb	func_807FF28
0x1007FFD8	0x100800EB	thumb	func_807FFD8
0x100800EC	0x10080143	thumb	func_80800EC
0x10080144	0x1008018B	thumb	func_8080144
0x1008018C	0x00000000	thumb	func_808018C
0x10080A6C	0x10080D4B	thumb	func_8080A6C
0x10080D4C	0x10080E93	thumb	func_8080D4C
0x10080E94	0x10080ED3	thumb	func_8080E94
0x10080ED4	0x10080FFB	thumb	func_8080ED4
0x10080FFC	0x1008105F	thumb	func_8080FFC
0x10081060	0x1008107F	thumb	func_8081060
0x10081080	0x100810BF	thumb	func_8081080
0x100810C0	0x1008115B	thumb	func_80810C0
0x1008115C	0x00000000	thumb	func_808115C
0x1008167C	0x100816A3	thumb	func_808167C
0x100816A4	0x100818E7	thumb	func_80816A4
0x100818E8	0x10081A83	thumb	func_80818E8
0x10081A84	0x10081BA7	thumb	func_8081A84
0x10081BA8	0x10081C57	thumb	func_8081BA8
0x10081C58	0x10081C8B	thumb	func_8081C58
0x10081C8C	0x10081CDF	thumb	func_8081C8C
0x10081CE0	0x10081FF3	thumb	func_8081CE0
0x10081FF4	0x00000000	thumb	func_8081FF4
0x10082024	0x10082427	thumb	func_8082024
0x10082428	0x100825CF	thumb	func_8082428
0x100825D0	0x1008263F	thumb	func_80825D0
0x10082640	0x100826AF	thumb	func_8082640
0x100826B0	0x10082733	thumb	func_80826B0
0x10082734	0x10082AC7	thumb	func_8082734
0x10082AC8	0x10082C47	thumb	func_8082AC8
0x10082C48	0x10082C97	thumb	func_8082C48
0x10082C98	0x10082CDF	thumb	func_8082C98
0x10082CE0	0x10082DC3	thumb	func_8082CE0
0x10082DC4	0x10082ED3	thumb	func_8082DC4
0x10082ED4	0x10082F5F	thumb	func_8082ED4
0x10082F60	0x1008374F	thumb	func_8082F60
0x10083750	0x00000000	thumb	func_8083750
0x10083798	0x100838E7	thumb	func_8083798
0x100838E8	0x10083B6B	thumb	func_80838E8
0x10083B6C	0x10083BC7	thumb	func_8083B6C
0x10083BC8	0x10083C23	thumb	func_8083BC8
0x10083C24	0x10083C93	thumb	func_8083C24
0x10083C94	0x10083DDB	thumb	func_8083C94
0x10083DDC	0x00000000	thumb	func_8083DDC
0x100845F0	0x100846F3	thumb	func_80845F0
0x100846F4	0x10084BCB	thumb	func_80846F4
0x10084BCC	0x10084C27	thumb	func_8084BCC
0x10084C28	0x10084CBB	thumb	func_8084C28
0x10084CBC	0x10084CF3	thumb	func_8084CBC
0x10084CF4	0x10084D5B	thumb	func_8084CF4
0x10084D5C	0x10084DEB	thumb	func_8084D5C
0x10084DEC	0x10084E0F	thumb	func_8084DEC
0x10084E10	0x10084FCB	thumb	func_8084E10
0x10084FCC	0x10085007	thumb	func_8084FCC
0x10085008	0x1008502B	thumb	func_8085008
0x1008502C	0x10085177	thumb	func_808502C
0x10085178	0x100852B3	thumb	func_8085178
0x100852B4	0x100853AF	thumb	func_80852B4
0x100853B0	0x1008549B	thumb	func_80853B0
0x1008549C	0x1008557F	thumb	func_808549C
0x10085580	0x10085C9F	thumb	func_8085580
0x10085CA0	0x10085D07	thumb	func_8085CA0
0x10085D08	0x10085D67	thumb	func_8085D08
0x10085D68	0x00000000	thumb	func_8085D68
0x10085E24	0x10086063	thumb	func_8085E24
0x10086064	0x10086353	thumb	func_8086064
0x10086354	0x100864AF	thumb	func_8086354
0x100864B0	0x100865A3	thumb	func_80864B0
0x100865A4	0x10086647	thumb	func_80865A4
0x10086648	0x1008671F	thumb	func_8086648
0x10086720	0x00000000	thumb	func_8086720
0x1008708C	0x100870D3	thumb	func_808708C
0x100870D4	0x10087387	thumb	func_80870D4
0x10087388	0x10087593	thumb	func_8087388
0x10087594	0x10087A6F	thumb	func_8087594
0x10087A70	0x10087ACB	thumb	func_8087A70
0x10087ACC	0x10087C0F	thumb	func_8087ACC
0x10087C10	0x10087D1B	thumb	func_8087C10
0x10087D1C	0x10087DAF	thumb	func_8087D1C
0x10087DB0	0x100885B3	thumb	func_8087DB0
0x100885B4	0x00000000	thumb	func_80885B4
0x10088830	0x1008883F	thumb	func_8088830
0x10088840	0x100888FF	thumb	func_8088840
0x10088900	0x10088EA7	thumb	func_8088900
0x10088EA8	0x10088FEF	thumb	func_8088EA8
0x10088FF0	0x1008907F	thumb	func_8088FF0
0x10089080	0x1008909F	thumb	func_8089080
0x100890A0	0x100890BF	thumb	func_80890A0
0x100890C0	0x00000000	thumb	func_80890C0
0x10089B9C	0x10089BBB	thumb	func_8089B9C
0x10089BBC	0x10089BCB	thumb	func_8089BBC
0x10089BCC	0x10089C63	thumb	func_8089BCC
0x10089C64	0x10089C97	thumb	func_8089C64
0x10089C98	0x10089D4B	thumb	func_8089C98
0x10089D4C	0x10089DCB	thumb	func_8089D4C
0x10089DCC	0x10089E13	thumb	func_8089DCC
0x10089E14	0x10089E5F	thumb	func_8089E14
0x10089E60	0x10089E73	thumb	func_8089E60
0x10089E74	0x10089FFB	thumb	func_8089E74
0x10089FFC	0x1008A33B	thumb	func_8089FFC
0x1008A33C	0x1008A3BF	thumb	func_808A33C
0x1008A3C0	0x1008A46B	thumb	func_808A3C0
0x1008A46C	0x1008A4F7	thumb	func_808A46C
0x1008A4F8	0x1008A6E7	thumb	func_808A4F8
0x1008A6E8	0x1008A817	thumb	func_808A6E8
0x1008A818	0x1008A8E3	thumb	func_808A818
0x1008A8E4	0x00000000	thumb	func_808A8E4
0x1008AC90	0x1008B0DF	thumb	func_808AC90
0x1008B0E0	0x1008B103	thumb	func_808B0E0
0x1008B104	0x1008B4EB	thumb	func_808B104
0x1008B4EC	0x1008B65B	thumb	func_808B4EC
0x1008B65C	0x1008B673	thumb	func_808B65C
0x1008B674	0x1008B81F	thumb	func_808B674
0x1008B820	0x1008B9EB	thumb	func_808B820
0x1008B9EC	0x1008BA33	thumb	func_808B9EC
0x1008BA34	0x1008BB2B	thumb	func_808BA34
0x1008BB2C	0x1008BC83	thumb	func_808BB2C
0x1008BC84	0x1008BC9F	thumb	func_808BC84
0x1008BCA0	0x1008BCEF	thumb	func_808BCA0
0x1008BCF0	0x1008BD5B	thumb	func_808BCF0
0x1008BD5C	0x1008BDDF	thumb	func_808BD5C
0x1008BDE0	0x1008BE4B	thumb	func_808BDE0
0x1008BE4C	0x1008C72F	thumb	func_808BE4C
0x1008C730	0x1008C917	thumb	func_808C730
0x1008C918	0x1008CA17	thumb	func_808C918
0x1008CA18	0x1008CAA7	thumb	func_808CA18
0x1008CAA8	0x00000000	thumb	func_808CAA8
0x1008CB18	0x1008CC23	thumb	func_808CB18
0x1008CC24	0x1008CC5B	thumb	func_808CC24
0x1008CC5C	0x1008CFE7	thumb	func_808CC5C
0x1008CFE8	0x1008D027	thumb	func_808CFE8
0x1008D028	0x1008D1F3	thumb	func_808D028
0x1008D1F4	0x1008D20B	thumb	func_808D1F4
0x1008D20C	0x1008D2AB	thumb	func_808D20C
0x1008D2AC	0x1008D2BB	thumb	func_808D2AC
0x1008D2BC	0x1008D393	thumb	func_808D2BC
0x1008D394	0x1008D3C3	thumb	func_808D394
0x1008D3C4	0x1008D44B	thumb	func_808D3C4
0x1008D44C	0x1008D5AB	thumb	func_808D44C
0x1008D5AC	0x1008D647	thumb	func_808D5AC
0x1008D648	0x1008D6D3	thumb	func_808D648
0x1008D6D4	0x1008D74B	thumb	func_808D6D4
0x1008D74C	0x1008D7CB	thumb	func_808D74C
0x1008D7CC	0x1008D823	thumb	func_808D7CC
0x1008D824	0x00000000	thumb	func_808D824
0x1008DFD0	0x1008E4DB	thumb	func_808DFD0
0x1008E4DC	0x1008E55B	thumb	func_808E4DC
0x1008E55C	0x1008E833	thumb	func_808E55C
0x1008E834	0x1008E897	thumb	func_808E834
0x1008E898	0x1008E8CB	thumb	func_808E898
0x1008E8CC	0x1008E96B	thumb	func_808E8CC
0x1008E96C	0x1008E9B3	thumb	func_808E96C
0x1008E9B4	0x1008EB87	thumb	func_808E9B4
0x1008EB88	0x1008EC0F	thumb	func_808EB88
0x1008EC10	0x1008ECEF	thumb	func_808EC10
0x1008ECF0	0x1008ED87	thumb	func_808ECF0
0x1008ED88	0x1008EDFB	thumb	func_808ED88
0x1008EDFC	0x1008F8E3	thumb	func_808EDFC
0x1008F8E4	0x1008F9DF	thumb	func_808F8E4
0x1008F9E0	0x1008FAF3	thumb	func_808F9E0
0x1008FAF4	0x00000000	thumb	func_808FAF4
0x1008FCE0	0x10090103	thumb	func_808FCE0
0x10090104	0x10090113	thumb	func_8090104
0x10090114	0x100901C3	thumb	func_8090114
0x100901C4	0x10090373	thumb	func_80901C4
0x10090374	0x1009047B	thumb	func_8090374
0x1009047C	0x100906B3	thumb	func_809047C
0x100906B4	0x00000000	thumb	func_80906B4
0x100909B0	0x100909BF	thumb	func_80909B0
0x100909C0	0x10090A2F	thumb	func_80909C0
0x10090A30	0x10090A3F	thumb	func_8090A30
0x10090A40	0x10090E13	thumb	func_8090A40
0x10090E14	0x10090EC3	thumb	func_8090E14
0x10090EC4	0x10090EE3	thumb	func_8090EC4
0x10090EE4	0x10090F53	thumb	func_8090EE4
0x10090F54	0x10090F93	thumb	func_8090F54
0x10090F94	0x100910EB	thumb	func_8090F94
0x100910EC	0x100911DF	thumb	func_80910EC
0x100911E0	0x10091307	thumb	func_80911E0
0x10091308	0x1009137B	thumb	func_8091308
0x1009137C	0x100914B3	thumb	func_809137C
0x100914B4	0x1009151B	thumb	func_80914B4
0x1009151C	0x100915A7	thumb	func_809151C
0x100915A8	0x100919D3	thumb	func_80915A8
0x100919D4	0x10091A5F	thumb	func_80919D4
0x10091A60	0x10091A87	thumb	func_8091A60
0x10091A88	0x10091ACB	thumb	func_8091A88
0x10091ACC	0x10091D7B	thumb	func_8091ACC
0x10091D7C	0x10091E27	thumb	func_8091D7C
0x10091E28	0x10091E4F	thumb	func_8091E28
0x10091E50	0x10091E63	thumb	func_8091E50
0x10091E64	0x10091E9B	thumb	func_8091E64
0x10091E9C	0x10091F87	thumb	func_8091E9C
0x10091F88	0x1009200B	thumb	func_8091F88
0x1009200C	0x1009208F	thumb	func_809200C
0x10092090	0x100920F7	thumb	func_8092090
0x100920F8	0x10092167	thumb	func_80920F8
0x10092168	0x10092177	thumb	func_8092168
0x10092178	0x10092187	thumb	func_8092178
0x10092188	0x10092247	thumb	func_8092188
0x10092248	0x1009230F	thumb	func_8092248
0x10092310	0x1009236B	thumb	func_8092310
0x1009236C	0x100923B7	thumb	func_809236C
0x100923B8	0x1009245F	thumb	func_80923B8
0x10092460	0x100924AF	thumb	func_8092460
0x100924B0	0x10092533	thumb	func_80924B0
0x10092534	0x00000000	thumb	func_8092534
0x100928E4	0x10092913	thumb	func_80928E4
0x10092914	0x100929C3	thumb	func_8092914
0x100929C4	0x10092B2F	thumb	func_80929C4
0x10092B30	0x10092CC3	thumb	func_8092B30
0x10092CC4	0x10092D2B	thumb	func_8092CC4
0x10092D2C	0x10092D9F	thumb	func_8092D2C
0x10092DA0	0x10092DEB	thumb	func_8092DA0
0x10092DEC	0x10092DFB	thumb	func_8092DEC
0x10092DFC	0x00000000	thumb	func_8092DFC
0x10093084	0x100930B7	thumb	func_8093084
0x100930B8	0x1009315B	thumb	func_80930B8
0x1009315C	0x10093267	thumb	func_809315C
0x10093268	0x1009329B	thumb	func_8093268
0x1009329C	0x100938EB	thumb	func_809329C
0x100938EC	0x100946AB	thumb	func_80938EC
0x100946AC	0x10094BFF	thumb	func_80946AC
0x10094C00	0x00000000	thumb	func_8094C00
0x1014F604	0x1014F7EB	arm	sub_0814F604
0x1014F7EC	0x1014F809	thumb	sub_0814F7EC
0x1014F80A	0x1014F88F	thumb	sub_0814F80A
0x1014F890	0x1014F8AB	thumb	sub_0814F890
0x1014F8AC	0x1014F8AD	thumb	sub_0814F8AC
0x1014F8AE	0x1014FA33	thumb	sub_0814F8AE
0x1014FA34	0x1014FCDF	thumb	sub_0814FA34
0x1014FCE0	0x1014FFBF	thumb	sub_0814FCE0
0x1014FFC0	0x00000000	thumb	sub_0814FFC0
