# addr	region	size	name  (STT_OBJECT, plus absolute symbols landing in a GBA region)
0x03000000	iwram	0x2	gUnk_3000000
0x03000002	iwram	0x1	gCurrentPassage
0x03000003	iwram	0x1	gCurrentStageNumber
0x03000004	iwram	0x2	gCurrentStageID
0x03000006	iwram	0x2	gRandomSeed
0x03000008	iwram	0x2	gMedalCount
0x0300000A	iwram	0x6	gMinigameHighScores
0x03000010	iwram	0x1	gCurrentPassageTemp
0x03000011	iwram	0x1	gClearMessage
0x03000012	iwram	0x1	gHasTemporarySave
0x03000013	iwram	0x1	gSaveFlag
0x03000014	iwram	0x1	gUnk_3000014
0x03000015	iwram	0x1	gTitleScreenStyle
0x03000016	iwram	0x1	gLanguage
0x03000017	iwram	0x1	gDifficulty
0x03000018	iwram	0x1	gResetSaveFile
0x03000019	iwram	0x1	gSelectedSaveFile
0x0300001A	iwram	0x1	gUnk_300001A
0x0300001B	iwram	0x1	gUnk_300001B
0x0300001C	iwram	0x1	gUnk_300001C
0x0300001D	iwram	0x1	gUnk_300001D
0x0300001E	iwram	0x2	gDisableSoftReset
0x03000020	iwram	0x1	gUnk_3000020
0x03000021	iwram	0x1	gUnk_3000021
0x03000022	iwram	0x1	gUnk_3000022
0x03000023	iwram	0x1	gUnk_3000023
0x03000024	iwram	0x1	gCurrentRoom
0x03000025	iwram	0x1	gUnk_3000025
0x03000026	iwram	0x1	gUnk_3000026
0x03000027	iwram	0x1	gUnk_3000027
0x03000028	iwram	0x2	gUnk_3000028
0x0300002A	iwram	0x2	gBldAlpha
0x0300002C	iwram	0x2	gBldCnt
0x0300002E	iwram	0x5	gSwitchStates
0x03000033	iwram	0x1	gDrawWarioOverBackground
0x03000034	iwram	0x1	gUnk_3000034
0x03000035	iwram	0x2	gUnk_3000035
0x03000037	iwram	0x1	gEnableHBlank
0x03000038	iwram	0x2	gUnk_3000038
0x0300003A	iwram	0x2	gUnk_300003A
0x0300003C	iwram	0x2	gUnk_300003C
0x0300003E	iwram	0x2	gUnk_300003E
0x03000040	iwram	0x4	gUnk_3000040
0x03000044	iwram	0x1	gUnk_3000044
0x03000045	iwram	0x1	gUnk_3000045
0x03000046	iwram	0x1	gUnk_3000046
0x03000047	iwram	0x1	gTimerState
0x03000048	iwram	0x4	gStageExitType
0x0300004C	iwram	0x8	gUnk_300004C
0x03000054	iwram	0x20	gBackgroundInfo
0x03000074	iwram	0x2C	gCurrentRoomHeader
0x030000A0	iwram	0x8	gUnk_30000A0
0x030000A8	iwram	0x18	gBackgroundScroll
0x030000C0	iwram	0x8	gWindow
0x030000C8	iwram	0x4	gScreenShakeY
0x030000CC	iwram	0x4	gScreenShakeX
0x030000D0	iwram	0x8	gColorFading
0x030000D8	iwram	0x4	gUnk_30000D8
0x030000DC	iwram	0x18	gUnk_30000DC
0x030000F4	iwram	0x8	gUnk_30000F4
0x030000FC	iwram	0x8	gUnk_30000FC
0x03000104	iwram	0x420	gSpriteData
0x03000524	iwram	0x20	gUnk_3000524
0x03000544	iwram	0x20	gUnk_3000544
0x03000564	iwram	0x400	gPersistentSpriteData
0x03000964	iwram	0xC0	gUnk_3000964
0x03000A24	iwram	0x27	gCurrentSprite
0x03000A4B	iwram	0x2	gUnk_3000A4B
0x03000A4D	iwram	0x3	gUnk_3000A4D
0x03000A50	iwram	0x1	gUnk_3000A50
0x03000A51	iwram	0x1	gUnk_3000A51
0x03000A52	iwram	0x1	gSpriteCollisionFlags
0x03000A53	iwram	0x1	gIgnoreSpriteCollision
0x03000A54	iwram	0x4	gUnk_3000A54
0x03000A58	iwram	0x1	gUnk_3000A58
0x03000A59	iwram	0x1	gUnk_3000A59
0x03000A5A	iwram	0x1	gUnk_3000A5A
0x03000A5B	iwram	0x1	gUnk_3000A5B
0x03000A5C	iwram	0x1	gUnk_3000A5C
0x03000A5D	iwram	0x1	gUnk_3000A5D
0x03000A5E	iwram	0x1	gUnk_3000A5E
0x03000A5F	iwram	0x1	gUnk_3000A5F
0x03000A60	iwram	0x1	gUnk_3000A60
0x03000A61	iwram	0x1	gUnk_3000A61
0x03000A62	iwram	0x2	gUnk_3000A62
0x03000A64	iwram	0x4	gUnk_3000A64
0x03000A68	iwram	0xA8	gCurrentCollection
0x03000B10	iwram	0x70	gHighScoreTable
0x03000B80	iwram	0x60	gSecondarySpriteData
0x03000BE0	iwram	0xC	gCurrentSecondarySprite
0x03000BEC	iwram	0x4	gUnk_3000BEC
0x03000BF0	iwram	0x4	gUnk_3000BF0
0x03000BF4	iwram	0x4	gTotalScore
0x03000BF8	iwram	0x4	gStageScore
0x03000BFC	iwram	0x5	gScoreDigits
0x03000C01	iwram	0x1	gUnk_3000C01
0x03000C02	iwram	0x1	gUnk_3000C02
0x03000C03	iwram	0x1	gUnk_3000C03
0x03000C04	iwram	0x1	gUnk_3000C04
0x03000C05	iwram	0x1	gUnk_3000C05
0x03000C06	iwram	0x1	gUnk_3000C06
0x03000C07	iwram	0x1	gCollectedNEJewelPiece
0x03000C08	iwram	0x1	gCollectedSEJewelPiece
0x03000C09	iwram	0x1	gCollectedSWJewelPiece
0x03000C0A	iwram	0x1	gCollectedNWJewelPiece
0x03000C0B	iwram	0x1	gCollectedCD
0x03000C0C	iwram	0x1	gCollectedKeyzer
0x03000C0D	iwram	0x1	gSwitchPressed
0x03000C0E	iwram	0x2	gUnk_3000C0E
0x03000C10	iwram	0x4	gUnk_3000C10
0x03000C14	iwram	0x2	gUnk_3000C14
0x03000C16	iwram	0x2	gUnk_3000C16
0x03000C18	iwram	0x2	gUnk_3000C18
0x03000C1A	iwram	0x2	gUnk_3000C1A
0x03000C1C	iwram	0x4	gCurrentHeartMeterGfx
0x03000C20	iwram	0x4	gCurrentHeartGaugeGfx
0x03000C24	iwram	0x2	gVortexGfxSlot
0x03000C26	iwram	0x2	gVortexYPosition
0x03000C28	iwram	0x2	gVortexXPosition
0x03000C2A	iwram	0x1	gUnk_3000C2A
0x03000C2B	iwram	0x1	gUnk_3000C2B
0x03000C2C	iwram	0x1	gHasGoldenDivaChest5
0x03000C2D	iwram	0x1	gHasGoldenDivaChest6
0x03000C2E	iwram	0x1	gHasGoldenDivaChest7
0x03000C2F	iwram	0x1	gHasGoldenDivaChest8
0x03000C30	iwram	0x1	gHasGoldenDivaChest9
0x03000C31	iwram	0x1	gHasGoldenDivaChest10
0x03000C32	iwram	0x1	gHasGoldenDivaChest11
0x03000C33	iwram	0xC1D	gHasGoldenDivaChest12
0x03001850	iwram	0x2	gUnk_3001850
0x03001852	iwram	0x2	gUnk_3001852
0x03001854	iwram	0x4	gUnk_3001854
0x03001858	iwram	0x4	gBg2X
0x0300185C	iwram	0x4	gBg2Y
0x03001860	iwram	0x2	gMosaic
0x03001862	iwram	0x2	gUnk_3001862
0x03001864	iwram	0x2	gUnk_3001864
0x03001866	iwram	0x2	gUnk_3001866
0x03001868	iwram	0x2	gBg2PA
0x0300186A	iwram	0x2	gBg2PB
0x0300186C	iwram	0x2	gBg2PC
0x0300186E	iwram	0x2	gBg2PD
0x03001870	iwram	0x2	gBldy
0x03001872	iwram	0x2	gUnk_3001872
0x03001874	iwram	0x2	gUnk_3001874
0x03001876	iwram	0x2	gUnk_3001876
0x03001878	iwram	0x2	gUnk_3001878
0x0300187A	iwram	0x2	gBg1XPosition
0x0300187C	iwram	0x2	gBg1YPosition
0x0300187E	iwram	0x2	gUnk_300187E
0x03001880	iwram	0x2	gUnk_3001880
0x03001882	iwram	0x2	gUnk_3001882
0x03001884	iwram	0x7	gUnk_3001884
0x0300188B	iwram	0x1	gUnk_300188B
0x0300188C	iwram	0x2	gUnk_300188C
0x0300188E	iwram	0x2	gUnk_300188E
0x03001890	iwram	0x2	gUnk_3001890
0x03001892	iwram	0x6	gUnk_3001892
0x03001898	iwram	0x3C	gWarioData
0x030018D4	iwram	0x3C	gWarioDataCopy
0x03001910	iwram	0x4	gHeartMeter
0x03001914	iwram	0x4	gHeartGauge
0x03001918	iwram	0x18	gUnk_3001918
0x03001930	iwram	0x8	gUnk_3001930
0x03001938	iwram	0x8	gUnk_3001938
0x03001940	iwram	0x8	gCurrentWarioEffect
0x03001948	iwram	0x8	gCurrentCarriedSprite
0x03001950	iwram	0xC	gWarioDustEffect1
0x0300195C	iwram	0x94	gWarioDustEffect2
0x030019F0	iwram	0x1	gUnk_30019F0
0x030019F1	iwram	0x1	gUnk_30019F1
0x030019F2	iwram	0x2	gPreviousXPosition
0x030019F4	iwram	0x2	gPreviousYPosition
0x030019F6	iwram	0x2	gWarioPauseTimer
0x030019F8	iwram	0x4	gDisableWario
0x030019FC	iwram	0x4	gVBlankCallback
0x03001A00	iwram	0x4	gHBlankCallback
0x03001A04	iwram	0x1194	gVCountCallback
0x03002B98	iwram	0x90	gUnk_3002B98
0x03002C28	iwram	0x2	gUnk_3002C28
0x03002C2A	iwram	0x2	gUnk_3002C2A
0x03002C2C	iwram	0x2	gUnk_3002C2C
0x03002C2E	iwram	0x2	gUnk_3002C2E
0x03002C30	iwram	0x2	gUnk_3002C30
0x03002C32	iwram	0x10	gUnk_3002C32
0x03002C42	iwram	0x2	gUnk_3002C42
0x03002C44	iwram	0x2	gUnk_3002C44
0x03002C46	iwram	0x2	gUnk_3002C46
0x03002C48	iwram	0x2	gUnk_3002C48
0x03002C4A	iwram	0x2	gUnk_3002C4A
0x03002C4C	iwram	0x2	gUnk_3002C4C
0x03002C4E	iwram	0x2	gUnk_3002C4E
0x03002C50	iwram	0x2	gUnk_3002C50
0x03002C52	iwram	0x2	gUnk_3002C52
0x03002C54	iwram	0x2	gUnk_3002C54
0x03002C56	iwram	0x2	gUnk_3002C56
0x03002C58	iwram	0x2	gUnk_3002C58
0x03002C5A	iwram	0x2	gUnk_3002C5A
0x03002C5C	iwram	0x2	gUnk_3002C5C
0x03002C5E	iwram	0x2	gUnk_3002C5E
0x03002C60	iwram	0x4	gUnk_3002C60
0x03002C64	iwram	0x4	gUnk_3002C64
0x03002C68	iwram	0x4	gUnk_3002C68
0x03002C6C	iwram	0x4	gUnk_3002C6C
0x03002C70	iwram	0x4	gUnk_3002C70
0x03002C74	iwram	0x4	gUnk_3002C74
0x03002C78	iwram	0x4	gUnk_3002C78
0x03002C7C	iwram	0x4	gUnk_3002C7C
0x03002C80	iwram	0x2	gUnk_3002C80
0x03002C82	iwram	0x2	gUnk_3002C82
0x03002C84	iwram	0x4	gUnk_3002C84
0x03002C88	iwram	0x4	gUnk_3002C88
0x03002C8C	iwram	0x4	gUnk_3002C8C
0x03002C90	iwram	0x4	gUnk_3002C90
0x03002C94	iwram	0x4	gUnk_3002C94
0x03002C98	iwram	0x2	gUnk_3002C98
0x03002C9A	iwram	0x2	gUnk_3002C9A
0x03002C9C	iwram	0x2	gUnk_3002C9C
0x03002C9E	iwram	0x2	gUnk_3002C9E
0x03002CA0	iwram	0x2	gUnk_3002CA0
0x03002CA2	iwram	0x2	gUnk_3002CA2
0x03002CA4	iwram	0x2	gUnk_3002CA4
0x03002CA6	iwram	0x2	gUnk_3002CA6
0x03002CA8	iwram	0x10	gUnk_3002CA8
0x03002CB8	iwram	0x10	gUnk_3002CB8
0x03002CC8	iwram	0x200	gDemoInputs
0x03002EC8	iwram	0x200	gDemoInputLengths
0x030030C8	iwram	0x2	gDemoSequenceIndex
0x030030CA	iwram	0x2	gDemoButtonPressTimer
0x030030CC	iwram	0x4	gDemoButtonsPressed
0x030030D0	iwram	0x60	gWarioPalette
0x03003130	iwram	0x8	gWarioPaletteSize
0x03003138	iwram	0x80	gUnk_3003138
0x030031B8	iwram	0x2	gUnk_30031B8
0x030031BA	iwram	0x1	gUnk_30031BA
0x030031BB	iwram	0x1	gUnk_30031BB
0x030031BC	iwram	0x1	gUnk_30031BC
0x030031BD	iwram	0x1	gUnk_30031BD
0x030031BE	iwram	0xA	gUnk_30031BE
0x030031C8	iwram	0x2	gUnk_30031C8
0x030031CA	iwram	0x2	gUnk_30031CA
0x030031CC	iwram	0x28	gUnk_30031CC
0x030031F4	iwram	0xC	gUnk_30031F4
0x03003200	iwram	0xC	gUnk_3003200
0x0300320C	iwram	0x8	gUnk_300320C
0x03003214	iwram	0x4	gUnk_3003214
0x03003218	iwram	0x4	gUnk_3003218
0x0300321C	iwram	0x8	gUnk_300321C
0x03003224	iwram	0x8	gUnk_3003224
0x0300322C	iwram	0x200	gUnk_300322C
0x0300342C	iwram	0x2	gUnk_300342C
0x0300342E	iwram	0x1C8	gUnk_300342E
0x030035F6	iwram	0x1C8	gUnk_30035F6
0x030037BE	iwram	0x1	gUnk_30037BE
0x030037BF	iwram	0x1	gUnk_30037BF
0x030037C0	iwram	0x168	gUnk_30037C0
0x03003928	iwram	0x1E0	gUnk_3003928
0x03003B08	iwram	0xC0	gUnk_3003B08
0x03003BC8	iwram	0x4	gUnk_3003BC8
0x03003BCC	iwram	0x4	gUnk_3003BCC
0x03003BD0	iwram	0xC	gUnk_3003BD0
0x03003BDC	iwram	0xC	gUnk_3003BDC
0x03003BE8	iwram	0x2	gUnk_3003BE8
0x03003BEA	iwram	0x6	gUnk_3003BEA
0x03003BF0	iwram	0x1	gUnk_3003BF0
0x03003BF1	iwram	0x1	gUnk_3003BF1
0x03003BF2	iwram	0x1	gUnk_3003BF2
0x03003BF3	iwram	0x1	gUnk_3003BF3
0x03003BF4	iwram	0x1	gUnk_3003BF4
0x03003BF5	iwram	0x1	gUnk_3003BF5
0x03003BF6	iwram	0x2	gUnk_3003BF6
0x03003BF8	iwram	0x10	gUnk_3003BF8
0x03003C08	iwram	0x4	gUnk_3003C08
0x03003C0C	iwram	0x14	gUnk_3003C0C
0x03003C20	iwram	0x14	gUnk_3003C20
0x03003C34	iwram	0x5	gUnk_3003C34
0x03003C39	iwram	0x1	gUnk_3003C39
0x03003C3A	iwram	0x2	gUnk_3003C3A
0x03003C3C	iwram	0x1	gUnk_3003C3C
0x03003C3D	iwram	0x1	gUnk_3003C3D
0x03003C3E	iwram	0x2	gUnk_3003C3E
0x03003C40	iwram	0x4	gUnk_3003C40
0x03003C44	iwram	0x1	gUnk_3003C44
0x03003C45	iwram	0x1	gUnk_3003C45
0x03003C46	iwram	0x2	gUnk_3003C46
0x03003C48	iwram	0x2	gUnk_3003C48
0x03003C4A	iwram	0x2	gUnk_3003C4A
0x03003C4C	iwram	0x2	gUnk_3003C4C
0x03003C4E	iwram	0x2	gUnk_3003C4E
0x03003C50	iwram	0x2	gUnk_3003C50
0x03003C52	iwram	0x2	gUnk_3003C52
0x03003C54	iwram	0x1	gUnk_3003C54
0x03003C55	iwram	0x1	gUnk_3003C55
0x03003C56	iwram	0x2	gUnk_3003C56
0x03003C58	iwram	0x8	gUnk_3003C58
0x03003C60	iwram	0x2	gUnk_3003C60
0x03003C62	iwram	0x2	gUnk_3003C62
0x03003C64	iwram	0x4	gUnk_3003C64
0x03003C68	iwram	0x4	gUnk_3003C68
0x03003C6C	iwram	0x2	gUnk_3003C6C
0x03003C6E	iwram	0x1	gUnk_3003C6E
0x03003C6F	iwram	0x1	gUnk_3003C6F
0x03003C70	iwram	0x4	gUnk_3003C70
0x03003C74	iwram	0x4	gUnk_3003C74
0x03003C78	iwram	0x4	gUnk_3003C78
0x03003C7C	iwram	0x4	gUnk_3003C7C
0x03003C80	iwram	0x4	gUnk_3003C80
0x03003C84	iwram	0x4	gUnk_3003C84
0x03003C88	iwram	0x8	gUnk_3003C88
0x03003C90	iwram	0x2	gUnk_3003C90
0x03003C92	iwram	0x2	gUnk_3003C92
0x03003C94	iwram	0x1	gUnk_3003C94
0x03003C95	iwram	0x1	gUnk_3003C95
0x03003C96	iwram	0x1	gUnk_3003C96
0x03003C97	iwram	0x1	gUnk_3003C97
0x03003C98	iwram	0x1	gUnk_3003C98
0x03003C99	iwram	0x1	gUnk_3003C99
0x03003C9A	iwram	0x2	gUnk_3003C9A
0x03003C9C	iwram	0x4	gUnk_3003C9C
0x03003CA0	iwram	0x1	gUnk_3003CA0
0x03003CA1	iwram	0x3	gUnk_3003CA1
0x03003CA4	iwram	0x4	gUnk_3003CA4
0x03003CA8	iwram	0x4	gUnk_3003CA8
0x03003CAC	iwram	0x4	gUnk_3003CAC
0x03003CB0	iwram	0x8	gUnk_3003CB0
0x03003CB8	iwram	0x8	gUnk_3003CB8
0x03003CC0	iwram	0x8	gUnk_3003CC0
0x03003CC8	iwram	0x8	gUnk_3003CC8
0x03003CD0	iwram	0x8	gUnk_3003CD0
0x03003CD8	iwram	0x10	gUnk_3003CD8
0x03003CE8	iwram	0xC	gUnk_3003CE8
0x03003CF4	iwram	0x4	gUnk_3003CF4
0x03003CF8	iwram	0x18	gUnk_3003CF8
0x03003D10	iwram	0xC	gUnk_3003D10
0x03003D1C	iwram	0x2	gUnk_3003D1C
0x03003D1E	iwram	0x3	gUnk_3003D1E
0x03003D21	iwram	0x1	gUnk_3003D21
0x03003D22	iwram	0x1	gUnk_3003D22
0x03003D23	iwram	0x1	gUnk_3003D23
0x03003D24	iwram	0x4	gUnk_3003D24
0x03003D28	iwram	0x4	gUnk_3003D28
0x03003D2C	iwram	0x4	gUnk_3003D2C
0x03003D30	iwram	0x4	gUnk_3003D30
0x03003D34	iwram	0x4	gUnk_3003D34
0x03003D38	iwram	0x18	gUnk_3003D38
0x03003D50	iwram	0x4	gUnk_3003D50
0x03003D54	iwram	0x4	gUnk_3003D54
0x03003D58	iwram	0x2	gUnk_3003D58
0x03003D5A	iwram	0x2	gUnk_3003D5A
0x03003D5C	iwram	0x4	gUnk_3003D5C
0x03003D60	iwram	0x4	gTotalScoreTemp
0x03003D64	iwram	0x2	gNewHighScore
0x03003D66	iwram	0x2	gUnk_3003D66
0x03003D68	iwram	0x2	gUnk_3003D68
0x03003D6A	iwram	0x2	gUnk_3003D6A
0x03003D6C	iwram	0x2	gUnk_3003D6C
0x03003D6E	iwram	0x2	gUnk_3003D6E
0x03003D70	iwram	0x2	gUnk_3003D70
0x03003D72	iwram	0x6	gUnk_3003D72
0x03003D78	iwram	0x14	gUnk_3003D78
0x03003D8C	iwram	0x2	gUnk_3003D8C
0x03003D8E	iwram	0x2	gUnk_3003D8E
0x03003D90	iwram	0x2	gUnk_3003D90
0x03003D92	iwram	0x6	gUnk_3003D92
0x03003D98	iwram	0x8	gUnk_3003D98
0x03003DA0	iwram	0x28	gUnk_3003DA0
0x03003DC8	iwram	0x8	gUnk_3003DC8
0x03003DD0	iwram	0x2	gUnk_3003DD0
0x03003DD2	iwram	0x2	gUnk_3003DD2
0x03003DD4	iwram	0x4	gUnk_3003DD4
0x03003DD8	iwram	0x4	gUnk_3003DD8
0x03003DDC	iwram	0x4	gUnk_3003DDC
0x03003DE0	iwram	0x4	gUnk_3003DE0
0x03003DE4	iwram	0x4	gUnk_3003DE4
0x03003DE8	iwram	0x280	gUnk_3003DE8
0x03004068	iwram	0x50	gUnk_3004068
0x030040B8	iwram	0x1	gUnk_30040B8
0x030040B9	iwram	0x1	gUnk_30040B9
0x030040BA	iwram	0x1	gUnk_30040BA
0x030040BB	iwram	0x5	gUnk_30040BB
0x030040C0	iwram	0x8	gUnk_30040C0
0x030040C8	iwram	0x20	gUnk_30040C8
0x030040E8	iwram	0x8	gUnk_30040E8
0x030040F0	iwram	0x8	gUnk_30040F0
0x030040F8	iwram	0x10	gUnk_30040F8
0x03004108	iwram	0x30	gUnk_3004108
0x03004138	iwram	0x500	gUnk_3004138
0x03004638	iwram	0x1	gUnk_3004638
0x03004639	iwram	0x1	gUnk_3004639
0x0300463A	iwram	0x2	gUnk_300463A
0x0300463C	iwram	0x4	gUnk_300463C
0x03004640	iwram	0x1	gUnk_3004640
0x03004641	iwram	0x7	gUnk_3004641
0x03004648	iwram	0x8	gUnk_3004648
0x03004650	iwram	0x8	gUnk_3004650
0x03004658	iwram	0x18	gUnk_3004658
0x03004670	iwram	0x2	gUnk_3004670
0x03004672	iwram	0x2	gUnk_3004672
0x03004674	iwram	0x4	gUnk_3004674
0x03004678	iwram	0x28	gUnk_3004678
0x030046A0	iwram	0x28	gUnk_30046A0
0x030046C8	iwram	0x28	gUnk_30046C8
0x030046F0	iwram	0x6	gUnk_30046F0
0x030046F6	iwram	0x1	gUnk_30046F6
0x030046F7	iwram	0x1	gUnk_30046F7
0x030046F8	iwram	0x4	gUnk_30046F8
0x030046FC	iwram	0x4	gUnk_30046FC
0x03004700	iwram	0x8	gUnk_3004700
0x03004708	iwram	0x20	gUnk_3004708
0x03004728	iwram	0x1	gUnk_3004728
0x03004729	iwram	0x7	gUnk_3004729
0x03004730	iwram	0x1	gUnk_3004730
0x03004731	iwram	0x7	gUnk_3004731
0x03004738	iwram	0x20	gUnk_3004738
0x03004758	iwram	0x8	gUnk_3004758
0x03004760	iwram	0x8	gUnk_3004760
0x03004768	iwram	0x2	gUnk_3004768
0x0300476A	iwram	0x2	gUnk_300476A
0x0300476C	iwram	0x4	gUnk_300476C
0x03004770	iwram	0x2	gUnk_3004770
0x03004772	iwram	0x1	gUnk_3004772
0x03004773	iwram	0x1	gUnk_3004773
0x03004774	iwram	0x4	gUnk_3004774
0x03004778	iwram	0x4	gUnk_3004778
0x0300477C	iwram	0x4	gUnk_300477C
0x03004780	iwram	0x1	gUnk_3004780
0x03004781	iwram	0x1	gUnk_3004781
0x03004782	iwram	0x1	gUnk_3004782
0x03004783	iwram	0x1	gUnk_3004783
0x03004784	iwram	0x4	gUnk_3004784
0x03004788	iwram	0x8	gUnk_3004788
0x03004790	iwram	0x8	gUnk_3004790
0x03004798	iwram	0x10	gUnk_3004798
0x030047A8	iwram	0x4	gUnk_30047A8
0x030047AC	iwram	0x4	gUnk_30047AC
0x030047B0	iwram	0x4	gUnk_30047B0
0x030047B4	iwram	0x4	gUnk_30047B4
0x030047B8	iwram	0x1	gUnk_30047B8
0x030047B9	iwram	0x1	gUnk_30047B9
0x030047BA	iwram	0x1	gUnk_30047BA
0x030047BB	iwram	0x1	gUnk_30047BB
0x030047BC	iwram	0xA	gUnk_30047BC
0x030047C6	iwram	0x2	gUnk_30047C6
0x030047C8	iwram	0x8	gUnk_30047C8
0x030047D0	iwram	0x4	gUnk_30047D0
0x030047D4	iwram	0x2	gUnk_30047D4
0x030047D6	iwram	0x2	gUnk_30047D6
0x030047D8	iwram	0x1	gUnk_30047D8
0x030047D9	iwram	0x3	gUnk_30047D9
0x030047DC	iwram	0x4	gUnk_30047DC
0x030047E0	iwram	0x4	gUnk_30047E0
0x030047E4	iwram	0x10	gUnk_30047E4
0x030047F4	iwram	0x4	gUnk_30047F4
0x030047F8	iwram	0x28	gUnk_30047F8
0x03004820	iwram	0xC	gUnk_3004820
0x0300482C	iwram	0x1	gUnk_300482C
0x0300482D	iwram	0x3	gUnk_300482D
0x03004830	iwram	0x28	gUnk_3004830
0x03004858	iwram	0xC	gUnk_3004858
0x03004864	iwram	0x1	gUnk_3004864
0x03004865	iwram	0x1	gUnk_3004865
0x03004866	iwram	0x2	gUnk_3004866
0x03004868	iwram	0x2	gUnk_3004868
0x0300486A	iwram	0x2	gUnk_300486A
0x0300486C	iwram	0x4	gUnk_300486C
0x03004870	iwram	0x10	gUnk_3004870
0x03004880	iwram	0x2	gUnk_3004880
0x03004882	iwram	0x2	gUnk_3004882
0x03004884	iwram	0x2	gUnk_3004884
0x03004886	iwram	0x2	gUnk_3004886
0x03004888	iwram	0x2	gUnk_3004888
0x0300488A	iwram	0x6	gUnk_300488A
0x03004890	iwram	0x8	gUnk_3004890
0x03004898	iwram	0x8	gUnk_3004898
0x030048A0	iwram	0x8	gUnk_30048A0
0x030048A8	iwram	0x2	gUnk_30048A8
0x030048AA	iwram	0x6	gUnk_30048AA
0x030048B0	iwram	0x40	gUnk_30048B0
0x030048F0	iwram	0x10	gUnk_30048F0
0x03004900	iwram	0x4	gUnk_3004900
0x03004904	iwram	0x4	gUnk_3004904
0x03004908	iwram	0x2	gUnk_3004908
0x0300490A	iwram	0x6	gUnk_300490A
0x03004910	iwram	0x4	gUnk_3004910
0x03004914	iwram	0x4	gUnk_3004914
0x03004918	iwram	0x4	gUnk_3004918
0x0300491C	iwram	0x4	gUnk_300491C
0x03004920	iwram	0x10	gUnk_3004920
0x03004930	iwram	0x10	gUnk_3004930
0x03004940	iwram	0x10	gUnk_3004940
0x03004950	iwram	0x58	gUnk_3004950
0x030049A8	iwram	0x10	gUnk_30049A8
0x030049B8	iwram	0xC	gUnk_30049B8
0x030049C4	iwram	0x1	gUnk_30049C4
0x030049C5	iwram	0x1	gUnk_30049C5
0x030049C6	iwram	0x2	gUnk_30049C6
0x030049C8	iwram	0x2	gUnk_30049C8
0x030049CA	iwram	0x1	gUnk_30049CA
0x030049CB	iwram	0x1	gUnk_30049CB
0x030049CC	iwram	0x1	gUnk_30049CC
0x030049CD	iwram	0x3	gUnk_30049CD
0x030049D0	iwram	0x4	gUnk_30049D0
0x030049D4	iwram	0x2	gUnk_30049D4
0x030049D6	iwram	0x2	gUnk_30049D6
0x030049D8	iwram	0x2	gUnk_30049D8
0x030049DA	iwram	0x1	gUnk_30049DA
0x030049DB	iwram	0x1	gUnk_30049DB
0x030049DC	iwram	0x4	gUnk_30049DC
0x030049E0	iwram	0x2	gUnk_30049E0
0x030049E2	iwram	0x6	gUnk_30049E2
0x030049E8	iwram	0x14	gUnk_30049E8
0x030049FC	iwram	0x1	gUnk_30049FC
0x030049FD	iwram	0x3	gUnk_30049FD
0x03004A00	iwram	0x8	gUnk_3004A00
0x03004A08	iwram	0x2	gUnk_3004A08
0x03004A0A	iwram	0x2	gUnk_3004A0A
0x03004A0C	iwram	0x4	gUnk_3004A0C
0x03004A10	iwram	0x8	gUnk_3004A10
0x03004A18	iwram	0x8	gUnk_3004A18
0x03004A20	iwram	0xC	gUnk_3004A20
0x03004A2C	iwram	0x1	gUnk_3004A2C
0x03004A2D	iwram	0x1	gUnk_3004A2D
0x03004A2E	iwram	0x1	gUnk_3004A2E
0x03004A2F	iwram	0x1	gUnk_3004A2F
0x03004A30	iwram	0x2	gUnk_3004A30
0x03004A32	iwram	0x2	gUnk_3004A32
0x03004A34	iwram	0x4	gUnk_3004A34
0x03004A38	iwram	0x8	gUnk_3004A38
0x03004A40	iwram	0xC	gUnk_3004A40
0x03004A4C	iwram	0x4	gUnk_3004A4C
0x03004A50	iwram	0x8	gUnk_3004A50
0x03004A58	iwram	0xA	gUnk_3004A58
0x03004A62	iwram	0x2	gUnk_3004A62
0x03004A64	iwram	0x4	gUnk_3004A64
0x03004A68	iwram	0x8	gUnk_3004A68
0x03004A70	iwram	0x48	gUnk_3004A70
0x03004AB8	iwram	0x1	gUnk_3004AB8
0x03004AB9	iwram	0x3	gUnk_3004AB9
0x03004ABC	iwram	0x8	gUnk_3004ABC
0x03004AC4	iwram	0x8	gUnk_3004AC4
0x03004ACC	iwram	0x8	gUnk_3004ACC
0x03004AD4	iwram	0x8	gUnk_3004AD4
0x03004ADC	iwram	0x8	gUnk_3004ADC
0x03004AE4	iwram	0x8	gUnk_3004AE4
0x03004AEC	iwram	0x8	gUnk_3004AEC
0x03004AF4	iwram	0x8	gUnk_3004AF4
0x03004AFC	iwram	0x8	gUnk_3004AFC
0x03004B04	iwram	0x8	gUnk_3004B04
0x03004B0C	iwram	0x10	gUnk_3004B0C
0x03004B1C	iwram	0x8	gUnk_3004B1C
0x03004B24	iwram	0x1	gUnk_3004B24
0x03004B25	iwram	0x0	gUnk_3004B25
0x08097FC8	rom	0x60	gMPlayTable
0x08098028	rom	0x1EBED0	gSongTable
0x08283F14	rom	0x40	sUnk_8283F14
0x08283F54	rom	0x564	sUnk_8283F54
0x082844B8	rom	0x36	sUnk_82844B8
0x082844EE	rom	0xE	sUnk_82844EE
0x082844FC	rom	0x60	sUnk_82844FC
0x0828455C	rom	0x1110	sUnk_828455C
0x0828566C	rom	0x72	sUnk_828566C
0x082856DE	rom	0x1AE	sUnk_82856DE
0x0828588C	rom	0x1B4	sUnk_828588C
0x08285A40	rom	0x1C8	sUnk_8285A40
0x08285C08	rom	0x8	sUnk_8285C08
0x08285C10	rom	0xE	sUnk_8285C10
0x08285C1E	rom	0x14	sUnk_8285C1E
0x08285C32	rom	0x1A	sUnk_8285C32
0x08285C4C	rom	0x20	sUnk_8285C4C
0x08285C6C	rom	0x26	sUnk_8285C6C
0x08285C92	rom	0x2C	sUnk_8285C92
0x08285CBE	rom	0x32	sUnk_8285CBE
0x08285CF0	rom	0x38	sUnk_8285CF0
0x08285D28	rom	0x3E	sUnk_8285D28
0x08285D66	rom	0x44	sUnk_8285D66
0x08285DAA	rom	0x4A	sUnk_8285DAA
0x08285DF4	rom	0x50	sUnk_8285DF4
0x08285E44	rom	0x56	sUnk_8285E44
0x08285E9A	rom	0x5C	sUnk_8285E9A
0x08285EF6	rom	0x62	sUnk_8285EF6
0x08285F58	rom	0x8	sUnk_8285F58
0x08285F60	rom	0x8	sUnk_8285F60
0x08285F68	rom	0xE	sUnk_8285F68
0x08285F76	rom	0x8	sUnk_8285F76
0x08285F7E	rom	0xE	sUnk_8285F7E
0x08285F8C	rom	0xE	sUnk_8285F8C
0x08285F9A	rom	0x14	sUnk_8285F9A
0x08285FAE	rom	0x1E	sUnk_8285FAE
0x08285FCC	rom	0x60	sUnk_8285FCC
0x0828602C	rom	0x13B8	sUnk_828602C
0x082873E4	rom	0x8E	sUnk_82873E4
0x08287472	rom	0x12A	sUnk_8287472
0x0828759C	rom	0x1BC	sUnk_828759C
0x08287758	rom	0x60	sUnk_8287758
0x082877B8	rom	0x1490	sUnk_82877B8
0x08288C48	rom	0xE6	sUnk_8288C48
0x08288D2E	rom	0xFA	sUnk_8288D2E
0x08288E28	rom	0x12	sUnk_8288E28
0x08288E3A	rom	0xE	sUnk_8288E3A
0x08288E48	rom	0x12	sUnk_8288E48
0x08288E5A	rom	0x12	sUnk_8288E5A
0x08288E6C	rom	0x40	sUnk_8288E6C
0x08288EAC	rom	0x120	sUnk_8288EAC
0x08288FCC	rom	0x5A	sUnk_8288FCC
0x08289026	rom	0x4A	sUnk_8289026
0x08289070	rom	0x6A	sUnk_8289070
0x082890DA	rom	0x4A	sUnk_82890DA
0x08289124	rom	0x200	sUnk_8289124
0x08289324	rom	0x19B4	sUnk_8289324
0x0828ACD8	rom	0x142	sUnk_828ACD8
0x0828AE1A	rom	0x56	sUnk_828AE1A
0x0828AE70	rom	0x56	sUnk_828AE70
0x0828AEC6	rom	0x22	sUnk_828AEC6
0x0828AEE8	rom	0x2D8	sUnk_828AEE8
0x0828B1C0	rom	0x50	sUnk_828B1C0
0x0828B210	rom	0x24	sUnk_828B210
0x0828B234	rom	0x133C	sUnk_828B234
0x0828C570	rom	0x1A0	sUnk_828C570
0x0828C710	rom	0x20	sUnk_828C710
0x0828C730	rom	0x1B38	sUnk_828C730
0x0828E268	rom	0x8	sUnk_828E268
0x0828E270	rom	0x8	sUnk_828E270
0x0828E278	rom	0x8C	sUnk_828E278
0x0828E304	rom	0x2C	sUnk_828E304
0x0828E330	rom	0x32	sUnk_828E330
0x0828E362	rom	0x32	sUnk_828E362
0x0828E394	rom	0x5E	sUnk_828E394
0x0828E3F2	rom	0x2C	sUnk_828E3F2
0x0828E41E	rom	0x58	sUnk_828E41E
0x0828E476	rom	0x2C	sUnk_828E476
0x0828E4A2	rom	0x3E	sUnk_828E4A2
0x0828E4E0	rom	0x26	sUnk_828E4E0
0x0828E506	rom	0x26	sUnk_828E506
0x0828E52C	rom	0x14	sUnk_828E52C
0x0828E540	rom	0x26	sUnk_828E540
0x0828E566	rom	0x26	sUnk_828E566
0x0828E58C	rom	0x20	sUnk_828E58C
0x0828E5AC	rom	0x20	sUnk_828E5AC
0x0828E5CC	rom	0x20	sUnk_828E5CC
0x0828E5EC	rom	0x32	sUnk_828E5EC
0x0828E61E	rom	0x14	sUnk_828E61E
0x0828E632	rom	0x14	sUnk_828E632
0x0828E646	rom	0x1A	sUnk_828E646
0x0828E660	rom	0xE	sUnk_828E660
0x0828E66E	rom	0x20	sUnk_828E66E
0x0828E68E	rom	0x2C	sUnk_828E68E
0x0828E6BA	rom	0x3E	sUnk_828E6BA
0x0828E6F8	rom	0x14	sUnk_828E6F8
0x0828E70C	rom	0x8	sUnk_828E70C
0x0828E714	rom	0x8	sUnk_828E714
0x0828E71C	rom	0x32	sUnk_828E71C
0x0828E74E	rom	0x32	sUnk_828E74E
0x0828E780	rom	0x100	sUnk_828E780
0x0828E880	rom	0x572C	sUnk_828E880
0x08293FAC	rom	0x12	sUnk_8293FAC
0x08293FBE	rom	0x10A	sUnk_8293FBE
0x082940C8	rom	0x10A	sUnk_82940C8
0x082941D2	rom	0x3C	sUnk_82941D2
0x0829420E	rom	0x3C	sUnk_829420E
0x0829424A	rom	0x58	sUnk_829424A
0x082942A2	rom	0x5A	sUnk_82942A2
0x082942FC	rom	0x140	sUnk_82942FC
0x0829443C	rom	0xDF8	sUnk_829443C
0x08295234	rom	0x196	sUnk_8295234
0x082953CA	rom	0x16A	sUnk_82953CA
0x08295534	rom	0x72	sUnk_8295534
0x082955A6	rom	0x5E	sUnk_82955A6
0x08295604	rom	0x11A	sUnk_8295604
0x0829571E	rom	0x146	sUnk_829571E
0x08295864	rom	0x8E	sUnk_8295864
0x082958F2	rom	0x62	sUnk_82958F2
0x08295954	rom	0x2FB4	sUnk_8295954
0x08298908	rom	0x26	sUnk_8298908
0x0829892E	rom	0x62	sUnk_829892E
0x08298990	rom	0xC0	sUnk_8298990
0x08298A50	rom	0x1D70	sUnk_8298A50
0x0829A7C0	rom	0x26	sUnk_829A7C0
0x0829A7E6	rom	0x26	sUnk_829A7E6
0x0829A80C	rom	0x44	sUnk_829A80C
0x0829A850	rom	0x44	sUnk_829A850
0x0829A894	rom	0x14	sUnk_829A894
0x0829A8A8	rom	0x14	sUnk_829A8A8
0x0829A8BC	rom	0x14	sUnk_829A8BC
0x0829A8D0	rom	0x14	sUnk_829A8D0
0x0829A8E4	rom	0x14	sUnk_829A8E4
0x0829A8F8	rom	0x14	sUnk_829A8F8
0x0829A90C	rom	0x1A	sUnk_829A90C
0x0829A926	rom	0x8	sUnk_829A926
0x0829A92E	rom	0x8	sUnk_829A92E
0x0829A936	rom	0x8	sUnk_829A936
0x0829A93E	rom	0x14	sUnk_829A93E
0x0829A952	rom	0x14	sUnk_829A952
0x0829A966	rom	0x20	sUnk_829A966
0x0829A986	rom	0x20	sUnk_829A986
0x0829A9A6	rom	0x8	sUnk_829A9A6
0x0829A9AE	rom	0x8	sUnk_829A9AE
0x0829A9B6	rom	0x8	sUnk_829A9B6
0x0829A9BE	rom	0x1A	sUnk_829A9BE
0x0829A9D8	rom	0x1A	sUnk_829A9D8
0x0829A9F2	rom	0x1A	sUnk_829A9F2
0x0829AA0C	rom	0x1A	sUnk_829AA0C
0x0829AA26	rom	0x14	sUnk_829AA26
0x0829AA3A	rom	0xE	sUnk_829AA3A
0x0829AA48	rom	0xE	sUnk_829AA48
0x0829AA56	rom	0x8	sUnk_829AA56
0x0829AA5E	rom	0xE	sUnk_829AA5E
0x0829AA6C	rom	0xE	sUnk_829AA6C
0x0829AA7A	rom	0x1A	sUnk_829AA7A
0x0829AA94	rom	0x1A	sUnk_829AA94
0x0829AAAE	rom	0x32	sUnk_829AAAE
0x0829AAE0	rom	0x3E	sUnk_829AAE0
0x0829AB1E	rom	0xE	sUnk_829AB1E
0x0829AB2C	rom	0x1A	sUnk_829AB2C
0x0829AB46	rom	0x3E	sUnk_829AB46
0x0829AB84	rom	0x32	sUnk_829AB84
0x0829ABB6	rom	0x4A	sUnk_829ABB6
0x0829AC00	rom	0x62	sUnk_829AC00
0x0829AC62	rom	0x62	sUnk_829AC62
0x0829ACC4	rom	0x4A	sUnk_829ACC4
0x0829AD0E	rom	0x4A	sUnk_829AD0E
0x0829AD58	rom	0x32	sUnk_829AD58
0x0829AD8A	rom	0x1A	sUnk_829AD8A
0x0829ADA4	rom	0x1A	sUnk_829ADA4
0x0829ADBE	rom	0x2C	sUnk_829ADBE
0x0829ADEA	rom	0xE	sUnk_829ADEA
0x0829ADF8	rom	0xE	sUnk_829ADF8
0x0829AE06	rom	0xE	sUnk_829AE06
0x0829AE14	rom	0xE	sUnk_829AE14
0x0829AE22	rom	0xE	sUnk_829AE22
0x0829AE30	rom	0xE	sUnk_829AE30
0x0829AE3E	rom	0x200	sUnk_829AE3E
0x0829B03E	rom	0x202	sUnk_829B03E
0x0829B240	rom	0x80	sUnk_829B240
0x0829B2C0	rom	0x1ED4	sUnk_829B2C0
0x0829D194	rom	0x40	sUnk_829D194
0x0829D1D4	rom	0x3E	sUnk_829D1D4
0x0829D212	rom	0x5E	sUnk_829D212
0x0829D270	rom	0x1FE	sUnk_829D270
0x0829D46E	rom	0x62	sUnk_829D46E
0x0829D4D0	rom	0x2004	sUnk_829D4D0
0x0829F4D4	rom	0x8	sUnk_829F4D4
0x0829F4DC	rom	0x44	sUnk_829F4DC
0x0829F520	rom	0x38	sUnk_829F520
0x0829F558	rom	0x38	sUnk_829F558
0x0829F590	rom	0x44	sUnk_829F590
0x0829F5D4	rom	0x68	sUnk_829F5D4
0x0829F63C	rom	0x4A	sUnk_829F63C
0x0829F686	rom	0x32	sUnk_829F686
0x0829F6B8	rom	0x2C	sUnk_829F6B8
0x0829F6E4	rom	0x2C	sUnk_829F6E4
0x0829F710	rom	0x8	sUnk_829F710
0x0829F718	rom	0x8	sUnk_829F718
0x0829F720	rom	0x8	sUnk_829F720
0x0829F728	rom	0x8	sUnk_829F728
0x0829F730	rom	0x8	sUnk_829F730
0x0829F738	rom	0x2C	sUnk_829F738
0x0829F764	rom	0x2C	sUnk_829F764
0x0829F790	rom	0x56	sUnk_829F790
0x0829F7E6	rom	0x74	sUnk_829F7E6
0x0829F85A	rom	0x50	sUnk_829F85A
0x0829F8AA	rom	0x50	sUnk_829F8AA
0x0829F8FA	rom	0x44	sUnk_829F8FA
0x0829F93E	rom	0x8	sUnk_829F93E
0x0829F946	rom	0x8	sUnk_829F946
0x0829F94E	rom	0x8	sUnk_829F94E
0x0829F956	rom	0x8	sUnk_829F956
0x0829F95E	rom	0x56	sUnk_829F95E
0x0829F9B4	rom	0x56	sUnk_829F9B4
0x0829FA0A	rom	0x3E	sUnk_829FA0A
0x0829FA48	rom	0x3E	sUnk_829FA48
0x0829FA86	rom	0xF0	sUnk_829FA86
0x0829FB76	rom	0xF0	sUnk_829FB76
0x0829FC66	rom	0xE2	sUnk_829FC66
0x0829FD48	rom	0x200	sUnk_829FD48
0x0829FF48	rom	0x1DA8	sUnk_829FF48
0x082A1CF0	rom	0x18A	sUnk_82A1CF0
0x082A1E7A	rom	0x142	sUnk_82A1E7A
0x082A1FBC	rom	0x2E0	sUnk_82A1FBC
0x082A229C	rom	0x5A4	sUnk_82A229C
0x082A2840	rom	0x1E4	sUnk_82A2840
0x082A2A24	rom	0x2AC	sUnk_82A2A24
0x082A2CD0	rom	0x242	sUnk_82A2CD0
0x082A2F12	rom	0x62	sUnk_82A2F12
0x082A2F74	rom	0x530	sUnk_82A2F74
0x082A34A4	rom	0xE	sUnk_82A34A4
0x082A34B2	rom	0xE	sUnk_82A34B2
0x082A34C0	rom	0xE	sUnk_82A34C0
0x082A34CE	rom	0xE	sUnk_82A34CE
0x082A34DC	rom	0x1A	sUnk_82A34DC
0x082A34F6	rom	0x1A	sUnk_82A34F6
0x082A3510	rom	0x1A	sUnk_82A3510
0x082A352A	rom	0x1A	sUnk_82A352A
0x082A3544	rom	0x1A	sUnk_82A3544
0x082A355E	rom	0x1A	sUnk_82A355E
0x082A3578	rom	0x1A	sUnk_82A3578
0x082A3592	rom	0x1A	sUnk_82A3592
0x082A35AC	rom	0x1A	sUnk_82A35AC
0x082A35C6	rom	0x1A	sUnk_82A35C6
0x082A35E0	rom	0x1A	sUnk_82A35E0
0x082A35FA	rom	0x1A	sUnk_82A35FA
0x082A3614	rom	0xE	sUnk_82A3614
0x082A3622	rom	0x14	sUnk_82A3622
0x082A3636	rom	0x1A	sUnk_82A3636
0x082A3650	rom	0x1A	sUnk_82A3650
0x082A366A	rom	0x1A	sUnk_82A366A
0x082A3684	rom	0x8	sUnk_82A3684
0x082A368C	rom	0x8	sUnk_82A368C
0x082A3694	rom	0x8	sUnk_82A3694
0x082A369C	rom	0x8	sUnk_82A369C
0x082A36A4	rom	0x8	sUnk_82A36A4
0x082A36AC	rom	0x20	sUnk_82A36AC
0x082A36CC	rom	0x44	sUnk_82A36CC
0x082A3710	rom	0x50	sUnk_82A3710
0x082A3760	rom	0x8	sUnk_82A3760
0x082A3768	rom	0x8	sUnk_82A3768
0x082A3770	rom	0x8	sUnk_82A3770
0x082A3778	rom	0x8	sUnk_82A3778
0x082A3780	rom	0x8	sUnk_82A3780
0x082A3788	rom	0x8	sUnk_82A3788
0x082A3790	rom	0x8	sUnk_82A3790
0x082A3798	rom	0x8	sUnk_82A3798
0x082A37A0	rom	0x20	sUnk_82A37A0
0x082A37C0	rom	0xFE0	sUnk_82A37C0
0x082A47A0	rom	0x20	sUnk_82A47A0
0x082A47C0	rom	0x174	sUnk_82A47C0
0x082A4934	rom	0x4E6	sUnk_82A4934
0x082A4E1A	rom	0x22	sUnk_82A4E1A
0x082A4E3C	rom	0x4D4	sUnk_82A4E3C
0x082A5310	rom	0x8	sUnk_82A5310
0x082A5318	rom	0xE0	sUnk_82A5318
0x082A53F8	rom	0x2198	sUnk_82A53F8
0x082A7590	rom	0x38	sUnk_82A7590
0x082A75C8	rom	0x32	sUnk_82A75C8
0x082A75FA	rom	0x38	sUnk_82A75FA
0x082A7632	rom	0x38	sUnk_82A7632
0x082A766A	rom	0x38	sUnk_82A766A
0x082A76A2	rom	0x32	sUnk_82A76A2
0x082A76D4	rom	0x38	sUnk_82A76D4
0x082A770C	rom	0x38	sUnk_82A770C
0x082A7744	rom	0xE	sUnk_82A7744
0x082A7752	rom	0xE	sUnk_82A7752
0x082A7760	rom	0xE	sUnk_82A7760
0x082A776E	rom	0xE	sUnk_82A776E
0x082A777C	rom	0xE	sUnk_82A777C
0x082A778A	rom	0xE	sUnk_82A778A
0x082A7798	rom	0x38	sUnk_82A7798
0x082A77D0	rom	0x32	sUnk_82A77D0
0x082A7802	rom	0x32	sUnk_82A7802
0x082A7834	rom	0x8	sUnk_82A7834
0x082A783C	rom	0x38	sUnk_82A783C
0x082A7874	rom	0x38	sUnk_82A7874
0x082A78AC	rom	0x38	sUnk_82A78AC
0x082A78E4	rom	0x8	sUnk_82A78E4
0x082A78EC	rom	0x8	sUnk_82A78EC
0x082A78F4	rom	0x8	sUnk_82A78F4
0x082A78FC	rom	0x8	sUnk_82A78FC
0x082A7904	rom	0x8	sUnk_82A7904
0x082A790C	rom	0x8	sUnk_82A790C
0x082A7914	rom	0x8	sUnk_82A7914
0x082A791C	rom	0x8	sUnk_82A791C
0x082A7924	rom	0x8	sUnk_82A7924
0x082A792C	rom	0x8	sUnk_82A792C
0x082A7934	rom	0x8	sUnk_82A7934
0x082A793C	rom	0x8	sUnk_82A793C
0x082A7944	rom	0x8	sUnk_82A7944
0x082A794C	rom	0x8	sUnk_82A794C
0x082A7954	rom	0x8	sUnk_82A7954
0x082A795C	rom	0x8	sUnk_82A795C
0x082A7964	rom	0x8	sUnk_82A7964
0x082A796C	rom	0x8	sUnk_82A796C
0x082A7974	rom	0x32	sUnk_82A7974
0x082A79A6	rom	0x2C	sUnk_82A79A6
0x082A79D2	rom	0x32	sUnk_82A79D2
0x082A7A04	rom	0x32	sUnk_82A7A04
0x082A7A36	rom	0x32	sUnk_82A7A36
0x082A7A68	rom	0x2C	sUnk_82A7A68
0x082A7A94	rom	0x32	sUnk_82A7A94
0x082A7AC6	rom	0x32	sUnk_82A7AC6
0x082A7AF8	rom	0x32	sUnk_82A7AF8
0x082A7B2A	rom	0x2C	sUnk_82A7B2A
0x082A7B56	rom	0x2C	sUnk_82A7B56
0x082A7B82	rom	0x38	sUnk_82A7B82
0x082A7BBA	rom	0x38	sUnk_82A7BBA
0x082A7BF2	rom	0x38	sUnk_82A7BF2
0x082A7C2A	rom	0x1A	sUnk_82A7C2A
0x082A7C44	rom	0x20	sUnk_82A7C44
0x082A7C64	rom	0x14	sUnk_82A7C64
0x082A7C78	rom	0x20	sUnk_82A7C78
0x082A7C98	rom	0x26	sUnk_82A7C98
0x082A7CBE	rom	0xE	sUnk_82A7CBE
0x082A7CCC	rom	0xE	sUnk_82A7CCC
0x082A7CDA	rom	0x3E	sUnk_82A7CDA
0x082A7D18	rom	0x3E	sUnk_82A7D18
0x082A7D56	rom	0x3E	sUnk_82A7D56
0x082A7D94	rom	0x38	sUnk_82A7D94
0x082A7DCC	rom	0x3E	sUnk_82A7DCC
0x082A7E0A	rom	0x3E	sUnk_82A7E0A
0x082A7E48	rom	0x3E	sUnk_82A7E48
0x082A7E86	rom	0x3E	sUnk_82A7E86
0x082A7EC4	rom	0x3E	sUnk_82A7EC4
0x082A7F02	rom	0x3E	sUnk_82A7F02
0x082A7F40	rom	0x3E	sUnk_82A7F40
0x082A7F7E	rom	0x38	sUnk_82A7F7E
0x082A7FB6	rom	0x3E	sUnk_82A7FB6
0x082A7FF4	rom	0x3E	sUnk_82A7FF4
0x082A8032	rom	0x3E	sUnk_82A8032
0x082A8070	rom	0x3E	sUnk_82A8070
0x082A80AE	rom	0x8	sUnk_82A80AE
0x082A80B6	rom	0x8	sUnk_82A80B6
0x082A80BE	rom	0x8	sUnk_82A80BE
0x082A80C6	rom	0x8	sUnk_82A80C6
0x082A80CE	rom	0x8	sUnk_82A80CE
0x082A80D6	rom	0x8	sUnk_82A80D6
0x082A80DE	rom	0x8	sUnk_82A80DE
0x082A80E6	rom	0x8	sUnk_82A80E6
0x082A80EE	rom	0x8	sUnk_82A80EE
0x082A80F6	rom	0x8	sUnk_82A80F6
0x082A80FE	rom	0x8	sUnk_82A80FE
0x082A8106	rom	0x8	sUnk_82A8106
0x082A810E	rom	0x8	sUnk_82A810E
0x082A8116	rom	0x10	sUnk_82A8116
0x082A8126	rom	0x8	sUnk_82A8126
0x082A812E	rom	0x8	sUnk_82A812E
0x082A8136	rom	0x8	sUnk_82A8136
0x082A813E	rom	0x8	sUnk_82A813E
0x082A8146	rom	0x8	sUnk_82A8146
0x082A814E	rom	0x1A	sUnk_82A814E
0x082A8168	rom	0x1A	sUnk_82A8168
0x082A8182	rom	0x1A	sUnk_82A8182
0x082A819C	rom	0x1A	sUnk_82A819C
0x082A81B6	rom	0x20	sUnk_82A81B6
0x082A81D6	rom	0x44	sUnk_82A81D6
0x082A821A	rom	0x74	sUnk_82A821A
0x082A828E	rom	0x8C	sUnk_82A828E
0x082A831A	rom	0x7A	sUnk_82A831A
0x082A8394	rom	0x62	sUnk_82A8394
0x082A83F6	rom	0x1A	sUnk_82A83F6
0x082A8410	rom	0x8	sUnk_82A8410
0x082A8418	rom	0x8	sUnk_82A8418
0x082A8420	rom	0x8	sUnk_82A8420
0x082A8428	rom	0xE	sUnk_82A8428
0x082A8436	rom	0x1A	sUnk_82A8436
0x082A8450	rom	0x4A	sUnk_82A8450
0x082A849A	rom	0x62	sUnk_82A849A
0x082A84FC	rom	0x62	sUnk_82A84FC
0x082A855E	rom	0x50	sUnk_82A855E
0x082A85AE	rom	0x20	sUnk_82A85AE
0x082A85CE	rom	0x8	sUnk_82A85CE
0x082A85D6	rom	0xE	sUnk_82A85D6
0x082A85E4	rom	0x7C	sUnk_82A85E4
0x082A8660	rom	0x62	sUnk_82A8660
0x082A86C2	rom	0x62	sUnk_82A86C2
0x082A8724	rom	0x4A	sUnk_82A8724
0x082A876E	rom	0x4A	sUnk_82A876E
0x082A87B8	rom	0x32	sUnk_82A87B8
0x082A87EA	rom	0x1A	sUnk_82A87EA
0x082A8804	rom	0x1C	sUnk_82A8804
0x082A8820	rom	0xC0	sUnk_82A8820
0x082A88E0	rom	0xC28	sUnk_82A88E0
0x082A9508	rom	0xB74	sUnk_82A9508
0x082AA07C	rom	0x186	sUnk_82AA07C
0x082AA202	rom	0xAE	sUnk_82AA202
0x082AA2B0	rom	0x302	sUnk_82AA2B0
0x082AA5B2	rom	0x202	sUnk_82AA5B2
0x082AA7B4	rom	0x38D4	sUnk_82AA7B4
0x082AE088	rom	0x44	sUnk_82AE088
0x082AE0CC	rom	0x3E	sUnk_82AE0CC
0x082AE10A	rom	0x3E	sUnk_82AE10A
0x082AE148	rom	0x44	sUnk_82AE148
0x082AE18C	rom	0x44	sUnk_82AE18C
0x082AE1D0	rom	0x44	sUnk_82AE1D0
0x082AE214	rom	0x44	sUnk_82AE214
0x082AE258	rom	0x44	sUnk_82AE258
0x082AE29C	rom	0x44	sUnk_82AE29C
0x082AE2E0	rom	0x44	sUnk_82AE2E0
0x082AE324	rom	0x3E	sUnk_82AE324
0x082AE362	rom	0xE	sUnk_82AE362
0x082AE370	rom	0x14	sUnk_82AE370
0x082AE384	rom	0xE	sUnk_82AE384
0x082AE392	rom	0xE	sUnk_82AE392
0x082AE3A0	rom	0xE	sUnk_82AE3A0
0x082AE3AE	rom	0x20	sUnk_82AE3AE
0x082AE3CE	rom	0x26	sUnk_82AE3CE
0x082AE3F4	rom	0x26	sUnk_82AE3F4
0x082AE41A	rom	0x32	sUnk_82AE41A
0x082AE44C	rom	0x32	sUnk_82AE44C
0x082AE47E	rom	0x32	sUnk_82AE47E
0x082AE4B0	rom	0x32	sUnk_82AE4B0
0x082AE4E2	rom	0x32	sUnk_82AE4E2
0x082AE514	rom	0x20	sUnk_82AE514
0x082AE534	rom	0x32	sUnk_82AE534
0x082AE566	rom	0x2C	sUnk_82AE566
0x082AE592	rom	0x38	sUnk_82AE592
0x082AE5CA	rom	0x38	sUnk_82AE5CA
0x082AE602	rom	0x38	sUnk_82AE602
0x082AE63A	rom	0x38	sUnk_82AE63A
0x082AE672	rom	0x38	sUnk_82AE672
0x082AE6AA	rom	0x38	sUnk_82AE6AA
0x082AE6E2	rom	0x38	sUnk_82AE6E2
0x082AE71A	rom	0x20	sUnk_82AE71A
0x082AE73A	rom	0x20	sUnk_82AE73A
0x082AE75A	rom	0x8	sUnk_82AE75A
0x082AE762	rom	0x8	sUnk_82AE762
0x082AE76A	rom	0x8	sUnk_82AE76A
0x082AE772	rom	0x8	sUnk_82AE772
0x082AE77A	rom	0x8	sUnk_82AE77A
0x082AE782	rom	0x8	sUnk_82AE782
0x082AE78A	rom	0x8	sUnk_82AE78A
0x082AE792	rom	0x8	sUnk_82AE792
0x082AE79A	rom	0x8	sUnk_82AE79A
0x082AE7A2	rom	0x8	sUnk_82AE7A2
0x082AE7AA	rom	0x8	sUnk_82AE7AA
0x082AE7B2	rom	0x8	sUnk_82AE7B2
0x082AE7BA	rom	0x8	sUnk_82AE7BA
0x082AE7C2	rom	0x8	sUnk_82AE7C2
0x082AE7CA	rom	0x8	sUnk_82AE7CA
0x082AE7D2	rom	0x8	sUnk_82AE7D2
0x082AE7DA	rom	0x8	sUnk_82AE7DA
0x082AE7E2	rom	0x8	sUnk_82AE7E2
0x082AE7EA	rom	0x8	sUnk_82AE7EA
0x082AE7F2	rom	0x8	sUnk_82AE7F2
0x082AE7FA	rom	0x8	sUnk_82AE7FA
0x082AE802	rom	0x8	sUnk_82AE802
0x082AE80A	rom	0x8	sUnk_82AE80A
0x082AE812	rom	0x8	sUnk_82AE812
0x082AE81A	rom	0x8	sUnk_82AE81A
0x082AE822	rom	0x8	sUnk_82AE822
0x082AE82A	rom	0x8	sUnk_82AE82A
0x082AE832	rom	0x8	sUnk_82AE832
0x082AE83A	rom	0x8	sUnk_82AE83A
0x082AE842	rom	0x8	sUnk_82AE842
0x082AE84A	rom	0x8	sUnk_82AE84A
0x082AE852	rom	0x8	sUnk_82AE852
0x082AE85A	rom	0x32	sUnk_82AE85A
0x082AE88C	rom	0x32	sUnk_82AE88C
0x082AE8BE	rom	0x32	sUnk_82AE8BE
0x082AE8F0	rom	0x32	sUnk_82AE8F0
0x082AE922	rom	0x32	sUnk_82AE922
0x082AE954	rom	0x32	sUnk_82AE954
0x082AE986	rom	0x32	sUnk_82AE986
0x082AE9B8	rom	0x32	sUnk_82AE9B8
0x082AE9EA	rom	0xE	sUnk_82AE9EA
0x082AE9F8	rom	0xE	sUnk_82AE9F8
0x082AEA06	rom	0x8	sUnk_82AEA06
0x082AEA0E	rom	0x8	sUnk_82AEA0E
0x082AEA16	rom	0xE	sUnk_82AEA16
0x082AEA24	rom	0xE	sUnk_82AEA24
0x082AEA32	rom	0xE	sUnk_82AEA32
0x082AEA40	rom	0x1A	sUnk_82AEA40
0x082AEA5A	rom	0x1A	sUnk_82AEA5A
0x082AEA74	rom	0x20	sUnk_82AEA74
0x082AEA94	rom	0x20	sUnk_82AEA94
0x082AEAB4	rom	0x1A	sUnk_82AEAB4
0x082AEACE	rom	0x1A	sUnk_82AEACE
0x082AEAE8	rom	0x20	sUnk_82AEAE8
0x082AEB08	rom	0x20	sUnk_82AEB08
0x082AEB28	rom	0x1A	sUnk_82AEB28
0x082AEB42	rom	0x20	sUnk_82AEB42
0x082AEB62	rom	0x26	sUnk_82AEB62
0x082AEB88	rom	0x26	sUnk_82AEB88
0x082AEBAE	rom	0x1A	sUnk_82AEBAE
0x082AEBC8	rom	0x1A	sUnk_82AEBC8
0x082AEBE2	rom	0x26	sUnk_82AEBE2
0x082AEC08	rom	0x1A	sUnk_82AEC08
0x082AEC22	rom	0x1A	sUnk_82AEC22
0x082AEC3C	rom	0xE	sUnk_82AEC3C
0x082AEC4A	rom	0xE	sUnk_82AEC4A
0x082AEC58	rom	0x1A	sUnk_82AEC58
0x082AEC72	rom	0x1A	sUnk_82AEC72
0x082AEC8C	rom	0x1A	sUnk_82AEC8C
0x082AECA6	rom	0x1A	sUnk_82AECA6
0x082AECC0	rom	0x2C	sUnk_82AECC0
0x082AECEC	rom	0x32	sUnk_82AECEC
0x082AED1E	rom	0x20	sUnk_82AED1E
0x082AED3E	rom	0x20	sUnk_82AED3E
0x082AED5E	rom	0x38	sUnk_82AED5E
0x082AED96	rom	0x44	sUnk_82AED96
0x082AEDDA	rom	0x44	sUnk_82AEDDA
0x082AEE1E	rom	0x44	sUnk_82AEE1E
0x082AEE62	rom	0x3E	sUnk_82AEE62
0x082AEEA0	rom	0x32	sUnk_82AEEA0
0x082AEED2	rom	0x32	sUnk_82AEED2
0x082AEF04	rom	0x38	sUnk_82AEF04
0x082AEF3C	rom	0x38	sUnk_82AEF3C
0x082AEF74	rom	0xE	sUnk_82AEF74
0x082AEF82	rom	0xE	sUnk_82AEF82
0x082AEF90	rom	0xE	sUnk_82AEF90
0x082AEF9E	rom	0xE	sUnk_82AEF9E
0x082AEFAC	rom	0xE	sUnk_82AEFAC
0x082AEFBA	rom	0xE	sUnk_82AEFBA
0x082AEFC8	rom	0x14	sUnk_82AEFC8
0x082AEFDC	rom	0x14	sUnk_82AEFDC
0x082AEFF0	rom	0x14	sUnk_82AEFF0
0x082AF004	rom	0x14	sUnk_82AF004
0x082AF018	rom	0x14	sUnk_82AF018
0x082AF02C	rom	0x14	sUnk_82AF02C
0x082AF040	rom	0xE	sUnk_82AF040
0x082AF04E	rom	0x14	sUnk_82AF04E
0x082AF062	rom	0x1A	sUnk_82AF062
0x082AF07C	rom	0xE	sUnk_82AF07C
0x082AF08A	rom	0x14	sUnk_82AF08A
0x082AF09E	rom	0x14	sUnk_82AF09E
0x082AF0B2	rom	0xE	sUnk_82AF0B2
0x082AF0C0	rom	0xE	sUnk_82AF0C0
0x082AF0CE	rom	0xE	sUnk_82AF0CE
0x082AF0DC	rom	0xE	sUnk_82AF0DC
0x082AF0EA	rom	0x14	sUnk_82AF0EA
0x082AF0FE	rom	0x1A	sUnk_82AF0FE
0x082AF118	rom	0x32	sUnk_82AF118
0x082AF14A	rom	0x2C	sUnk_82AF14A
0x082AF176	rom	0x32	sUnk_82AF176
0x082AF1A8	rom	0x32	sUnk_82AF1A8
0x082AF1DA	rom	0x32	sUnk_82AF1DA
0x082AF20C	rom	0x2C	sUnk_82AF20C
0x082AF238	rom	0x32	sUnk_82AF238
0x082AF26A	rom	0x32	sUnk_82AF26A
0x082AF29C	rom	0x38	sUnk_82AF29C
0x082AF2D4	rom	0x38	sUnk_82AF2D4
0x082AF30C	rom	0x38	sUnk_82AF30C
0x082AF344	rom	0x2C	sUnk_82AF344
0x082AF370	rom	0x32	sUnk_82AF370
0x082AF3A2	rom	0x32	sUnk_82AF3A2
0x082AF3D4	rom	0x32	sUnk_82AF3D4
0x082AF406	rom	0x2C	sUnk_82AF406
0x082AF432	rom	0x32	sUnk_82AF432
0x082AF464	rom	0x32	sUnk_82AF464
0x082AF496	rom	0x32	sUnk_82AF496
0x082AF4C8	rom	0x38	sUnk_82AF4C8
0x082AF500	rom	0x38	sUnk_82AF500
0x082AF538	rom	0x38	sUnk_82AF538
0x082AF570	rom	0x38	sUnk_82AF570
0x082AF5A8	rom	0x32	sUnk_82AF5A8
0x082AF5DA	rom	0x38	sUnk_82AF5DA
0x082AF612	rom	0x38	sUnk_82AF612
0x082AF64A	rom	0x38	sUnk_82AF64A
0x082AF682	rom	0x32	sUnk_82AF682
0x082AF6B4	rom	0x38	sUnk_82AF6B4
0x082AF6EC	rom	0x38	sUnk_82AF6EC
0x082AF724	rom	0x8	sUnk_82AF724
0x082AF72C	rom	0x8	sUnk_82AF72C
0x082AF734	rom	0x8	sUnk_82AF734
0x082AF73C	rom	0x8	sUnk_82AF73C
0x082AF744	rom	0x8	sUnk_82AF744
0x082AF74C	rom	0x8	sUnk_82AF74C
0x082AF754	rom	0x8	sUnk_82AF754
0x082AF75C	rom	0x20	sUnk_82AF75C
0x082AF77C	rom	0x38	sUnk_82AF77C
0x082AF7B4	rom	0x38	sUnk_82AF7B4
0x082AF7EC	rom	0x38	sUnk_82AF7EC
0x082AF824	rom	0x8	sUnk_82AF824
0x082AF82C	rom	0x8	sUnk_82AF82C
0x082AF834	rom	0x8	sUnk_82AF834
0x082AF83C	rom	0x21C	sUnk_82AF83C
0x082AFA58	rom	0x21C	sUnk_82AFA58
0x082AFC74	rom	0x21C	sUnk_82AFC74
0x082AFE90	rom	0x21C	sUnk_82AFE90
0x082B00AC	rom	0x21C	sUnk_82B00AC
0x082B02C8	rom	0x21C	sUnk_82B02C8
0x082B04E4	rom	0x21C	sUnk_82B04E4
0x082B0700	rom	0x21C	sUnk_82B0700
0x082B091C	rom	0x21C	sUnk_82B091C
0x082B0B38	rom	0x21C	sUnk_82B0B38
0x082B0D54	rom	0x21C	sUnk_82B0D54
0x082B0F70	rom	0x21C	sUnk_82B0F70
0x082B118C	rom	0x21C	sUnk_82B118C
0x082B13A8	rom	0x21C	sUnk_82B13A8
0x082B15C4	rom	0x21C	sUnk_82B15C4
0x082B17E0	rom	0x21C	sUnk_82B17E0
0x082B19FC	rom	0x230	sUnk_82B19FC
0x082B1C2C	rom	0x230	sUnk_82B1C2C
0x082B1E5C	rom	0x230	sUnk_82B1E5C
0x082B208C	rom	0x230	sUnk_82B208C
0x082B22BC	rom	0x230	sUnk_82B22BC
0x082B24EC	rom	0x230	sUnk_82B24EC
0x082B271C	rom	0x230	sUnk_82B271C
0x082B294C	rom	0x230	sUnk_82B294C
0x082B2B7C	rom	0x230	sUnk_82B2B7C
0x082B2DAC	rom	0x230	sUnk_82B2DAC
0x082B2FDC	rom	0x230	sUnk_82B2FDC
0x082B320C	rom	0x230	sUnk_82B320C
0x082B343C	rom	0x230	sUnk_82B343C
0x082B366C	rom	0x230	sUnk_82B366C
0x082B389C	rom	0x230	sUnk_82B389C
0x082B3ACC	rom	0x230	sUnk_82B3ACC
0x082B3CFC	rom	0x230	sUnk_82B3CFC
0x082B3F2C	rom	0x230	sUnk_82B3F2C
0x082B415C	rom	0x230	sUnk_82B415C
0x082B438C	rom	0x230	sUnk_82B438C
0x082B45BC	rom	0x230	sUnk_82B45BC
0x082B47EC	rom	0x230	sUnk_82B47EC
0x082B4A1C	rom	0x230	sUnk_82B4A1C
0x082B4C4C	rom	0x230	sUnk_82B4C4C
0x082B4E7C	rom	0x230	sUnk_82B4E7C
0x082B50AC	rom	0x230	sUnk_82B50AC
0x082B52DC	rom	0x230	sUnk_82B52DC
0x082B550C	rom	0x230	sUnk_82B550C
0x082B573C	rom	0x230	sUnk_82B573C
0x082B596C	rom	0x230	sUnk_82B596C
0x082B5B9C	rom	0x230	sUnk_82B5B9C
0x082B5DCC	rom	0x230	sUnk_82B5DCC
0x082B5FFC	rom	0x232	sUnk_82B5FFC
0x082B622E	rom	0x232	sUnk_82B622E
0x082B6460	rom	0x232	sUnk_82B6460
0x082B6692	rom	0x232	sUnk_82B6692
0x082B68C4	rom	0x232	sUnk_82B68C4
0x082B6AF6	rom	0x232	sUnk_82B6AF6
0x082B6D28	rom	0x232	sUnk_82B6D28
0x082B6F5A	rom	0x232	sUnk_82B6F5A
0x082B718C	rom	0x232	sUnk_82B718C
0x082B73BE	rom	0x232	sUnk_82B73BE
0x082B75F0	rom	0x232	sUnk_82B75F0
0x082B7822	rom	0x232	sUnk_82B7822
0x082B7A54	rom	0x232	sUnk_82B7A54
0x082B7C86	rom	0x232	sUnk_82B7C86
0x082B7EB8	rom	0x232	sUnk_82B7EB8
0x082B80EA	rom	0x232	sUnk_82B80EA
0x082B831C	rom	0x232	sUnk_82B831C
0x082B854E	rom	0x232	sUnk_82B854E
0x082B8780	rom	0x232	sUnk_82B8780
0x082B89B2	rom	0x232	sUnk_82B89B2
0x082B8BE4	rom	0x232	sUnk_82B8BE4
0x082B8E16	rom	0x232	sUnk_82B8E16
0x082B9048	rom	0x232	sUnk_82B9048
0x082B927A	rom	0x232	sUnk_82B927A
0x082B94AC	rom	0x232	sUnk_82B94AC
0x082B96DE	rom	0x232	sUnk_82B96DE
0x082B9910	rom	0x232	sUnk_82B9910
0x082B9B42	rom	0x232	sUnk_82B9B42
0x082B9D74	rom	0x232	sUnk_82B9D74
0x082B9FA6	rom	0x232	sUnk_82B9FA6
0x082BA1D8	rom	0x232	sUnk_82BA1D8
0x082BA40A	rom	0x232	sUnk_82BA40A
0x082BA63C	rom	0x232	sUnk_82BA63C
0x082BA86E	rom	0x232	sUnk_82BA86E
0x082BAAA0	rom	0x232	sUnk_82BAAA0
0x082BACD2	rom	0x232	sUnk_82BACD2
0x082BAF04	rom	0x232	sUnk_82BAF04
0x082BB136	rom	0x232	sUnk_82BB136
0x082BB368	rom	0x232	sUnk_82BB368
0x082BB59A	rom	0x232	sUnk_82BB59A
0x082BB7CC	rom	0x232	sUnk_82BB7CC
0x082BB9FE	rom	0x232	sUnk_82BB9FE
0x082BBC30	rom	0x232	sUnk_82BBC30
0x082BBE62	rom	0x232	sUnk_82BBE62
0x082BC094	rom	0x232	sUnk_82BC094
0x082BC2C6	rom	0x232	sUnk_82BC2C6
0x082BC4F8	rom	0x232	sUnk_82BC4F8
0x082BC72A	rom	0x232	sUnk_82BC72A
0x082BC95C	rom	0x232	sUnk_82BC95C
0x082BCB8E	rom	0x232	sUnk_82BCB8E
0x082BCDC0	rom	0x232	sUnk_82BCDC0
0x082BCFF2	rom	0x232	sUnk_82BCFF2
0x082BD224	rom	0x232	sUnk_82BD224
0x082BD456	rom	0x232	sUnk_82BD456
0x082BD688	rom	0x232	sUnk_82BD688
0x082BD8BA	rom	0x232	sUnk_82BD8BA
0x082BDAEC	rom	0x232	sUnk_82BDAEC
0x082BDD1E	rom	0x232	sUnk_82BDD1E
0x082BDF50	rom	0x232	sUnk_82BDF50
0x082BE182	rom	0x232	sUnk_82BE182
0x082BE3B4	rom	0x232	sUnk_82BE3B4
0x082BE5E6	rom	0x232	sUnk_82BE5E6
0x082BE818	rom	0x232	sUnk_82BE818
0x082BEA4A	rom	0x232	sUnk_82BEA4A
0x082BEC7C	rom	0x232	sUnk_82BEC7C
0x082BEEAE	rom	0x232	sUnk_82BEEAE
0x082BF0E0	rom	0x232	sUnk_82BF0E0
0x082BF312	rom	0x232	sUnk_82BF312
0x082BF544	rom	0x232	sUnk_82BF544
0x082BF776	rom	0x232	sUnk_82BF776
0x082BF9A8	rom	0x232	sUnk_82BF9A8
0x082BFBDA	rom	0x232	sUnk_82BFBDA
0x082BFE0C	rom	0x232	sUnk_82BFE0C
0x082C003E	rom	0x232	sUnk_82C003E
0x082C0270	rom	0x232	sUnk_82C0270
0x082C04A2	rom	0x232	sUnk_82C04A2
0x082C06D4	rom	0x232	sUnk_82C06D4
0x082C0906	rom	0x232	sUnk_82C0906
0x082C0B38	rom	0x232	sUnk_82C0B38
0x082C0D6A	rom	0x232	sUnk_82C0D6A
0x082C0F9C	rom	0x232	sUnk_82C0F9C
0x082C11CE	rom	0x232	sUnk_82C11CE
0x082C1400	rom	0x232	sUnk_82C1400
0x082C1632	rom	0x232	sUnk_82C1632
0x082C1864	rom	0x232	sUnk_82C1864
0x082C1A96	rom	0x232	sUnk_82C1A96
0x082C1CC8	rom	0x232	sUnk_82C1CC8
0x082C1EFA	rom	0x232	sUnk_82C1EFA
0x082C212C	rom	0x232	sUnk_82C212C
0x082C235E	rom	0x232	sUnk_82C235E
0x082C2590	rom	0x232	sUnk_82C2590
0x082C27C2	rom	0x232	sUnk_82C27C2
0x082C29F4	rom	0x232	sUnk_82C29F4
0x082C2C26	rom	0x232	sUnk_82C2C26
0x082C2E58	rom	0x232	sUnk_82C2E58
0x082C308A	rom	0x309E	sUnk_82C308A
0x082C6128	rom	0x3A8	sUnk_82C6128
0x082C64D0	rom	0x3A8	sUnk_82C64D0
0x082C6878	rom	0x3A8	sUnk_82C6878
0x082C6C20	rom	0x3A8	sUnk_82C6C20
0x082C6FC8	rom	0x3A8	sUnk_82C6FC8
0x082C7370	rom	0x3A8	sUnk_82C7370
0x082C7718	rom	0x3A8	sUnk_82C7718
0x082C7AC0	rom	0x3A8	sUnk_82C7AC0
0x082C7E68	rom	0x1FA	sUnk_82C7E68
0x082C8062	rom	0x1FA	sUnk_82C8062
0x082C825C	rom	0x21A	sUnk_82C825C
0x082C8476	rom	0x21A	sUnk_82C8476
0x082C8690	rom	0x20A	sUnk_82C8690
0x082C889A	rom	0x20A	sUnk_82C889A
0x082C8AA4	rom	0x22C	sUnk_82C8AA4
0x082C8CD0	rom	0x22C	sUnk_82C8CD0
0x082C8EFC	rom	0x202	sUnk_82C8EFC
0x082C90FE	rom	0x202	sUnk_82C90FE
0x082C9300	rom	0x222	sUnk_82C9300
0x082C9522	rom	0x222	sUnk_82C9522
0x082C9744	rom	0x212	sUnk_82C9744
0x082C9956	rom	0x212	sUnk_82C9956
0x082C9B68	rom	0x232	sUnk_82C9B68
0x082C9D9A	rom	0x232	sUnk_82C9D9A
0x082C9FCC	rom	0x40	sUnk_82C9FCC
0x082CA00C	rom	0xC68	sUnk_82CA00C
0x082CAC74	rom	0x114	sUnk_82CAC74
0x082CAD88	rom	0x15E	sUnk_82CAD88
0x082CAEE6	rom	0x22	sUnk_82CAEE6
0x082CAF08	rom	0xE70	sUnk_82CAF08
0x082CBD78	rom	0xCC	sUnk_82CBD78
0x082CBE44	rom	0x154C	sUnk_82CBE44
0x082CD390	rom	0x124	sUnk_82CD390
0x082CD4B4	rom	0xEDC	sUnk_82CD4B4
0x082CE390	rom	0x124	sUnk_82CE390
0x082CE4B4	rom	0xE4	sUnk_82CE4B4
0x082CE598	rom	0x16C	sUnk_82CE598
0x082CE704	rom	0x1310	sUnk_82CE704
0x082CFA14	rom	0x10E	sUnk_82CFA14
0x082CFB22	rom	0x22	sUnk_82CFB22
0x082CFB44	rom	0x1420	sUnk_82CFB44
0x082D0F64	rom	0xFC	sUnk_82D0F64
0x082D1060	rom	0x133C	sUnk_82D1060
0x082D239C	rom	0xF2	sUnk_82D239C
0x082D248E	rom	0x22	sUnk_82D248E
0x082D24B0	rom	0x25C	sUnk_82D24B0
0x082D270C	rom	0x8	sUnk_82D270C
0x082D2714	rom	0xE	sUnk_82D2714
0x082D2722	rom	0x8	sUnk_82D2722
0x082D272A	rom	0xE	sUnk_82D272A
0x082D2738	rom	0xE	sUnk_82D2738
0x082D2746	rom	0x14	sUnk_82D2746
0x082D275A	rom	0x14	sUnk_82D275A
0x082D276E	rom	0x1A	sUnk_82D276E
0x082D2788	rom	0x2C	sUnk_82D2788
0x082D27B4	rom	0x2C	sUnk_82D27B4
0x082D27E0	rom	0x32	sUnk_82D27E0
0x082D2812	rom	0x2C	sUnk_82D2812
0x082D283E	rom	0x2C	sUnk_82D283E
0x082D286A	rom	0x32	sUnk_82D286A
0x082D289C	rom	0x38	sUnk_82D289C
0x082D28D4	rom	0x3E	sUnk_82D28D4
0x082D2912	rom	0x44	sUnk_82D2912
0x082D2956	rom	0x20	sUnk_82D2956
0x082D2976	rom	0x8	sUnk_82D2976
0x082D297E	rom	0xE	sUnk_82D297E
0x082D298C	rom	0x8	sUnk_82D298C
0x082D2994	rom	0xE	sUnk_82D2994
0x082D29A2	rom	0xE	sUnk_82D29A2
0x082D29B0	rom	0xE	sUnk_82D29B0
0x082D29BE	rom	0x14	sUnk_82D29BE
0x082D29D2	rom	0x14	sUnk_82D29D2
0x082D29E6	rom	0x1A	sUnk_82D29E6
0x082D2A00	rom	0x20	sUnk_82D2A00
0x082D2A20	rom	0x26	sUnk_82D2A20
0x082D2A46	rom	0x16AE	sUnk_82D2A46
0x082D40F4	rom	0xE0	sUnk_82D40F4
0x082D41D4	rom	0x4038	sUnk_82D41D4
0x082D820C	rom	0x52	sUnk_82D820C
0x082D825E	rom	0x1A	sUnk_82D825E
0x082D8278	rom	0x1A	sUnk_82D8278
0x082D8292	rom	0x3E	sUnk_82D8292
0x082D82D0	rom	0x3E	sUnk_82D82D0
0x082D830E	rom	0x82	sUnk_82D830E
0x082D8390	rom	0xC98	sUnk_82D8390
0x082D9028	rom	0x1A	sUnk_82D9028
0x082D9042	rom	0x1A	sUnk_82D9042
0x082D905C	rom	0x1A	sUnk_82D905C
0x082D9076	rom	0x1A	sUnk_82D9076
0x082D9090	rom	0x1A	sUnk_82D9090
0x082D90AA	rom	0x1A	sUnk_82D90AA
0x082D90C4	rom	0x26	sUnk_82D90C4
0x082D90EA	rom	0x2C	sUnk_82D90EA
0x082D9116	rom	0x2C	sUnk_82D9116
0x082D9142	rom	0x38	sUnk_82D9142
0x082D917A	rom	0x3E	sUnk_82D917A
0x082D91B8	rom	0x4A	sUnk_82D91B8
0x082D9202	rom	0x56	sUnk_82D9202
0x082D9258	rom	0x56	sUnk_82D9258
0x082D92AE	rom	0x56	sUnk_82D92AE
0x082D9304	rom	0x50	sUnk_82D9304
0x082D9354	rom	0x68	sUnk_82D9354
0x082D93BC	rom	0x74	sUnk_82D93BC
0x082D9430	rom	0x74	sUnk_82D9430
0x082D94A4	rom	0x6E	sUnk_82D94A4
0x082D9512	rom	0x6E	sUnk_82D9512
0x082D9580	rom	0x56	sUnk_82D9580
0x082D95D6	rom	0x4A	sUnk_82D95D6
0x082D9620	rom	0x3E	sUnk_82D9620
0x082D965E	rom	0x4A	sUnk_82D965E
0x082D96A8	rom	0x44	sUnk_82D96A8
0x082D96EC	rom	0x44	sUnk_82D96EC
0x082D9730	rom	0x44	sUnk_82D9730
0x082D9774	rom	0x44	sUnk_82D9774
0x082D97B8	rom	0x3E	sUnk_82D97B8
0x082D97F6	rom	0x44	sUnk_82D97F6
0x082D983A	rom	0x3E	sUnk_82D983A
0x082D9878	rom	0x44	sUnk_82D9878
0x082D98BC	rom	0x3E	sUnk_82D98BC
0x082D98FA	rom	0x38	sUnk_82D98FA
0x082D9932	rom	0x32	sUnk_82D9932
0x082D9964	rom	0x2C	sUnk_82D9964
0x082D9990	rom	0x2C	sUnk_82D9990
0x082D99BC	rom	0x26	sUnk_82D99BC
0x082D99E2	rom	0x26	sUnk_82D99E2
0x082D9A08	rom	0x20	sUnk_82D9A08
0x082D9A28	rom	0x20	sUnk_82D9A28
0x082D9A48	rom	0x20	sUnk_82D9A48
0x082D9A68	rom	0x26	sUnk_82D9A68
0x082D9A8E	rom	0x26	sUnk_82D9A8E
0x082D9AB4	rom	0x26	sUnk_82D9AB4
0x082D9ADA	rom	0x26	sUnk_82D9ADA
0x082D9B00	rom	0x26	sUnk_82D9B00
0x082D9B26	rom	0x26	sUnk_82D9B26
0x082D9B4C	rom	0x26	sUnk_82D9B4C
0x082D9B72	rom	0x26	sUnk_82D9B72
0x082D9B98	rom	0x26	sUnk_82D9B98
0x082D9BBE	rom	0x20	sUnk_82D9BBE
0x082D9BDE	rom	0x20	sUnk_82D9BDE
0x082D9BFE	rom	0x20	sUnk_82D9BFE
0x082D9C1E	rom	0x20	sUnk_82D9C1E
0x082D9C3E	rom	0x20	sUnk_82D9C3E
0x082D9C5E	rom	0x1A	sUnk_82D9C5E
0x082D9C78	rom	0xA0	sUnk_82D9C78
0x082D9D18	rom	0x273C	sUnk_82D9D18
0x082DC454	rom	0x21A	sUnk_82DC454
0x082DC66E	rom	0xCA	sUnk_82DC66E
0x082DC738	rom	0xB2	sUnk_82DC738
0x082DC7EA	rom	0x8E	sUnk_82DC7EA
0x082DC878	rom	0x8A	sUnk_82DC878
0x082DC902	rom	0x2A2	sUnk_82DC902
0x082DCBA4	rom	0x172	sUnk_82DCBA4
0x082DCD16	rom	0xB2	sUnk_82DCD16
0x082DCDC8	rom	0x82	sUnk_82DCDC8
0x082DCE4A	rom	0x182	sUnk_82DCE4A
0x082DCFCC	rom	0xDC	sUnk_82DCFCC
0x082DD0A8	rom	0x3C	sStartingWarioData
0x082DD0E4	rom	0x4	sStartingHeartMeter
0x082DD0E8	rom	0x4	sStartingHeartGauge
0x082DD0EC	rom	0x8	sUnk_82DD0EC
0x082DD0F4	rom	0x8	sStartingWarioEffect
0x082DD0FC	rom	0x8	sEmptyCarriedSprite
0x082DD104	rom	0xC	sEmptyDustEffect
0x082DD110	rom	0x278	sUnk_82DD110
0x082DD388	rom	0x48	sUnk_82DD388
0x082DD3D0	rom	0x28	sUnk_82DD3D0
0x082DD3F8	rom	0x30	sUnk_82DD3F8
0x082DD428	rom	0x8	sUnk_82DD428
0x082DD430	rom	0x278	sUnk_82DD430
0x082DD6A8	rom	0x80	sUnk_82DD6A8
0x082DD728	rom	0x8	sUnk_82DD728
0x082DD730	rom	0x80	sUnk_82DD730
0x082DD7B0	rom	0x50	sUnk_82DD7B0
0x082DD800	rom	0x50	sUnk_82DD800
0x082DD850	rom	0x58	sUnk_82DD850
0x082DD8A8	rom	0x58	sUnk_82DD8A8
0x082DD900	rom	0x20	sUnk_82DD900
0x082DD920	rom	0x20	sUnk_82DD920
0x082DD940	rom	0x68	sUnk_82DD940
0x082DD9A8	rom	0x68	sUnk_82DD9A8
0x082DDA10	rom	0x80	sUnk_82DDA10
0x082DDA90	rom	0x80	sUnk_82DDA90
0x082DDB10	rom	0x50	sUnk_82DDB10
0x082DDB60	rom	0x50	sUnk_82DDB60
0x082DDBB0	rom	0x20	sUnk_82DDBB0
0x082DDBD0	rom	0x20	sUnk_82DDBD0
0x082DDBF0	rom	0x28	sUnk_82DDBF0
0x082DDC18	rom	0x28	sUnk_82DDC18
0x082DDC40	rom	0x38	sUnk_82DDC40
0x082DDC78	rom	0x38	sUnk_82DDC78
0x082DDCB0	rom	0x10	sUnk_82DDCB0
0x082DDCC0	rom	0x10	sUnk_82DDCC0
0x082DDCD0	rom	0x20	sUnk_82DDCD0
0x082DDCF0	rom	0x30	sUnk_82DDCF0
0x082DDD20	rom	0x80	sWarioEffectsGfx
0x082DDDA0	rom	0x20	sUnk_82DDDA0
0x082DDDC0	rom	0x20	sUnk_82DDDC0
0x082DDDE0	rom	0x200	sUnk_82DDDE0
0x082DDFE0	rom	0x3C0	sUnk_82DDFE0
0x082DE3A0	rom	0x20	sUnk_82DE3A0
0x082DE3C0	rom	0xE0	sUnk_82DE3C0
0x082DE4A0	rom	0x20	sUnk_82DE4A0
0x082DE4C0	rom	0x18	sUnk_82DE4C0
0x082DE4D8	rom	0x20	sUnk_82DE4D8
0x082DE4F8	rom	0x60	sUnk_82DE4F8
0x082DE558	rom	0x20	sUnk_82DE558
0x082DE578	rom	0x20	sUnk_82DE578
0x082DE598	rom	0x40	sUnk_82DE598
0x082DE5D8	rom	0x20	sUnk_82DE5D8
0x082DE5F8	rom	0x20	sUnk_82DE5F8
0x082DE618	rom	0x40	sUnk_82DE618
0x082DE658	rom	0x40	sUnk_82DE658
0x082DE698	rom	0x40	sUnk_82DE698
0x082DE6D8	rom	0x40	sUnk_82DE6D8
0x082DE718	rom	0x80	sUnk_82DE718
0x082DE798	rom	0x40	sUnk_82DE798
0x082DE7D8	rom	0x40	sUnk_82DE7D8
0x082DE818	rom	0x20	sUnk_82DE818
0x082DE838	rom	0x40	sUnk_82DE838
0x082DE878	rom	0x40	sUnk_82DE878
0x082DE8B8	rom	0x60	sUnk_82DE8B8
0x082DE918	rom	0x20	sUnk_82DE918
0x082DE938	rom	0x1C0	sUnk_82DE938
0x082DEAF8	rom	0x20	sUnk_82DEAF8
0x082DEB18	rom	0x48	sUnk_82DEB18
0x082DEB60	rom	0x42	sUnk_82DEB60
0x082DEBA2	rom	0x20	sUnk_82DEBA2
0x082DEBC2	rom	0x18	sUnk_82DEBC2
0x082DEBDA	rom	0x18	sUnk_82DEBDA
0x082DEBF2	rom	0x18	sUnk_82DEBF2
0x082DEC0A	rom	0x10	sUnk_82DEC0A
0x082DEC1A	rom	0x10	sUnk_82DEC1A
0x082DEC2A	rom	0x4	sUnk_82DEC2A
0x082DEC2E	rom	0x5	sUnk_82DEC2E
0x082DEC33	rom	0x3	sUnk_82DEC33
0x082DEC36	rom	0x3	sUnk_82DEC36
0x082DEC39	rom	0x4	sUnk_82DEC39
0x082DEC3D	rom	0x3	sUnk_82DEC3D
0x082DEC40	rom	0x18	sUnk_82DEC40
0x082DEC58	rom	0x18	sUnk_82DEC58
0x082DEC70	rom	0x30	sWarioPoseHandlerTable
0x082DECA0	rom	0x30	sWarioPoseRequestFuncTable
0x082DECD0	rom	0x30	sUnk_82DECD0
0x082DED00	rom	0x30	sUnk_82DED00
0x082DED30	rom	0x30	sUnk_82DED30
0x082DED60	rom	0x30	sUnk_82DED60
0x082DED90	rom	0x30	sUnk_82DED90
0x082DEDC0	rom	0x13C	sWarioNormalPoseTable
0x082DEEFC	rom	0x40	sWarioWaterPoseTable
0x082DEF3C	rom	0x28	sFlamingWarioPoseTable
0x082DEF64	rom	0x2C	sFatWarioPoseTable
0x082DEF90	rom	0x10	sFrozenWarioPoseTable
0x082DEFA0	rom	0x10	sUnk_82DEFA0
0x082DEFB0	rom	0x34	sZombieWarioPoseTable
0x082DEFE4	rom	0x40	sSnowmanWarioPoseTable
0x082DF024	rom	0x28	sBouncyWarioPoseTable
0x082DF04C	rom	0x10	sPuffyWarioPoseTable
0x082DF05C	rom	0x14	sBatWarioPoseTable
0x082DF070	rom	0x1C	sFlatWarioPoseTable
0x082DF08C	rom	0x8	sWarioMaskPoseTable
0x082DF094	rom	0x1300	sUnk_82DF094
0x082E0394	rom	0x28	sUnk_82E0394
0x082E03BC	rom	0x108	sUnk_82E03BC
0x082E04C4	rom	0x1F8	sUnk_82E04C4
0x082E06BC	rom	0x2E8	sUnk_82E06BC
0x082E09A4	rom	0x204	sUnk_82E09A4
0x082E0BA8	rom	0x130	sUnk_82E0BA8
0x082E0CD8	rom	0x50C	sUnk_82E0CD8
0x082E11E4	rom	0x88	sUnk_82E11E4
0x082E126C	rom	0x28	sUnk_82E126C
0x082E1294	rom	0x28	sUnk_82E1294
0x082E12BC	rom	0x48	sUnk_82E12BC
0x082E1304	rom	0x30	sUnk_82E1304
0x082E1334	rom	0xA8	sUnk_82E1334
0x082E13DC	rom	0x30	sUnk_82E13DC
0x082E140C	rom	0x30	sUnk_82E140C
0x082E143C	rom	0x60	sUnk_82E143C
0x082E149C	rom	0x60	sUnk_82E149C
0x082E14FC	rom	0x9C	sUnk_82E14FC
0x082E1598	rom	0xC0	sUnk_82E1598
0x082E1658	rom	0x38	sUnk_82E1658
0x082E1690	rom	0x53A8	sUnk_82E1690
0x082E6A38	rom	0x2F4C	sUnk_82E6A38
0x082E9984	rom	0x787C	sUnk_82E9984
0x082F1200	rom	0xF0	sUnk_82F1200
0x082F12F0	rom	0x54	sUnk_82F12F0
0x082F1344	rom	0x3C	sUnk_82F1344
0x082F1380	rom	0x6C	sUnk_82F1380
0x082F13EC	rom	0x3C	sUnk_82F13EC
0x082F1428	rom	0x24	sUnk_82F1428
0x082F144C	rom	0x3C	sUnk_82F144C
0x082F1488	rom	0x24	sUnk_82F1488
0x082F14AC	rom	0x3C	sUnk_82F14AC
0x082F14E8	rom	0x30	sUnk_82F14E8
0x082F1518	rom	0x60	sUnk_82F1518
0x082F1578	rom	0x650	sUnk_82F1578
0x082F1BC8	rom	0xA3B4	sUnk_82F1BC8
0x082FBF7C	rom	0x84	sUnk_82FBF7C
0x082FC000	rom	0x84	sUnk_82FC000
0x082FC084	rom	0x54	sUnk_82FC084
0x082FC0D8	rom	0x18	sUnk_82FC0D8
0x082FC0F0	rom	0x18	sUnk_82FC0F0
0x082FC108	rom	0x60	sUnk_82FC108
0x082FC168	rom	0x6C	sUnk_82FC168
0x082FC1D4	rom	0xA8	sUnk_82FC1D4
0x082FC27C	rom	0x48	sUnk_82FC27C
0x082FC2C4	rom	0x30	sUnk_82FC2C4
0x082FC2F4	rom	0xAB44	sUnk_82FC2F4
0x08306E38	rom	0x3C	sUnk_8306E38
0x08306E74	rom	0x48	sUnk_8306E74
0x08306EBC	rom	0x48	sUnk_8306EBC
0x08306F04	rom	0x30	sUnk_8306F04
0x08306F34	rom	0x3C	sUnk_8306F34
0x08306F70	rom	0x30	sUnk_8306F70
0x08306FA0	rom	0xA8	sUnk_8306FA0
0x08307048	rom	0xEE5C	sUnk_8307048
0x08315EA4	rom	0x6C	sUnk_8315EA4
0x08315F10	rom	0xD8	sUnk_8315F10
0x08315FE8	rom	0x60	sUnk_8315FE8
0x08316048	rom	0x30	sUnk_8316048
0x08316078	rom	0x21C	sUnk_8316078
0x08316294	rom	0x288	sUnk_8316294
0x0831651C	rom	0x3C	sUnk_831651C
0x08316558	rom	0xE4	sUnk_8316558
0x0831663C	rom	0xAA0	sUnk_831663C
0x083170DC	rom	0x67AC	sUnk_83170DC
0x0831D888	rom	0x6C	sUnk_831D888
0x0831D8F4	rom	0xCC	sUnk_831D8F4
0x0831D9C0	rom	0x768C	sUnk_831D9C0
0x0832504C	rom	0x54	sUnk_832504C
0x083250A0	rom	0x3C	sUnk_83250A0
0x083250DC	rom	0x60	sUnk_83250DC
0x0832513C	rom	0x24	sUnk_832513C
0x08325160	rom	0x9C	sUnk_8325160
0x083251FC	rom	0x78	sUnk_83251FC
0x08325274	rom	0xFC	sUnk_8325274
0x08325370	rom	0x30	sUnk_8325370
0x083253A0	rom	0x84	sUnk_83253A0
0x08325424	rom	0x3C	sUnk_8325424
0x08325460	rom	0x24	sUnk_8325460
0x08325484	rom	0xC0	sUnk_8325484
0x08325544	rom	0x54	sUnk_8325544
0x08325598	rom	0xBC8C	sUnk_8325598
0x08331224	rom	0x48	sUnk_8331224
0x0833126C	rom	0x3C	sUnk_833126C
0x083312A8	rom	0x30	sUnk_83312A8
0x083312D8	rom	0x120	sUnk_83312D8
0x083313F8	rom	0x54	sUnk_83313F8
0x0833144C	rom	0x54	sUnk_833144C
0x083314A0	rom	0x6C	sUnk_83314A0
0x0833150C	rom	0x3C	sUnk_833150C
0x08331548	rom	0xD8	sUnk_8331548
0x08331620	rom	0x30	sUnk_8331620
0x08331650	rom	0x84	sUnk_8331650
0x083316D4	rom	0x198	sUnk_83316D4
0x0833186C	rom	0x30	sUnk_833186C
0x0833189C	rom	0x3C	sUnk_833189C
0x083318D8	rom	0xA10C	sUnk_83318D8
0x0833B9E4	rom	0x48	sUnk_833B9E4
0x0833BA2C	rom	0x48	sUnk_833BA2C
0x0833BA74	rom	0x6C	sUnk_833BA74
0x0833BAE0	rom	0x30	sUnk_833BAE0
0x0833BB10	rom	0x90	sUnk_833BB10
0x0833BBA0	rom	0x24	sUnk_833BBA0
0x0833BBC4	rom	0x54	sUnk_833BBC4
0x0833BC18	rom	0x3C	sUnk_833BC18
0x0833BC54	rom	0x6C	sUnk_833BC54
0x0833BCC0	rom	0x54	sUnk_833BCC0
0x0833BD14	rom	0x48	sUnk_833BD14
0x0833BD5C	rom	0x30	sUnk_833BD5C
0x0833BD8C	rom	0x84	sUnk_833BD8C
0x0833BE10	rom	0x4940	sUnk_833BE10
0x08340750	rom	0x18	sUnk_8340750
0x08340768	rom	0x54	sUnk_8340768
0x083407BC	rom	0x90	sUnk_83407BC
0x0834084C	rom	0x90	sUnk_834084C
0x083408DC	rom	0x48	sUnk_83408DC
0x08340924	rom	0x90	sUnk_8340924
0x083409B4	rom	0xA700	sUnk_83409B4
0x0834B0B4	rom	0x6C	sUnk_834B0B4
0x0834B120	rom	0x3C	sUnk_834B120
0x0834B15C	rom	0x3C	sUnk_834B15C
0x0834B198	rom	0xCC	sUnk_834B198
0x0834B264	rom	0x3DE8	sUnk_834B264
0x0834F04C	rom	0x54	sUnk_834F04C
0x0834F0A0	rom	0xF0	sUnk_834F0A0
0x0834F190	rom	0x24	sUnk_834F190
0x0834F1B4	rom	0x36EC	sUnk_834F1B4
0x083528A0	rom	0x90	sUnk_83528A0
0x08352930	rom	0x6C	sUnk_8352930
0x0835299C	rom	0xC	sUnk_835299C
0x08352CF0	rom	0x5E000	sUnk_8352CF0
0x083B0CF0	rom	0x1F80	sUnk_83B0CF0
0x083B2C70	rom	0x20	sUnk_83B2C70
0x083B2C90	rom	0x558	sUnk_83B2C90
0x083B31E8	rom	0x82	sUnk_83B31E8
0x083B326A	rom	0x82	sUnk_83B326A
0x083B32EC	rom	0x82	sUnk_83B32EC
0x083B336E	rom	0x82	sUnk_83B336E
0x083B33F0	rom	0x82	sUnk_83B33F0
0x083B3472	rom	0x82	sUnk_83B3472
0x083B34F4	rom	0x82	sUnk_83B34F4
0x083B3576	rom	0x82	sUnk_83B3576
0x083B35F8	rom	0x204	sUnk_83B35F8
0x083B37FC	rom	0x204	sUnk_83B37FC
0x083B4534	rom	0x10	sUnk_83B4534
0x083B4544	rom	0x10	sUnk_83B4544
0x083B59EC	rom	0x10	sUnk_83B59EC
0x083B59FC	rom	0x28	sUnk_83B59FC
0x083B5A24	rom	0x10	sUnk_83B5A24
0x083B5A34	rom	0x58	sUnk_83B5A34
0x083B5A8C	rom	0x28	sUnk_83B5A8C
0x083B5AB4	rom	0x68	sUnk_83B5AB4
0x083B5B1C	rom	0xC8	sUnk_83B5B1C
0x083B5BE4	rom	0x10	sUnk_83B5BE4
0x083B5BF4	rom	0x68	sUnk_83B5BF4
0x083B75E8	rom	0x78	sUnk_83B75E8
0x083B7660	rom	0x28	sUnk_83B7660
0x083B7688	rom	0x18	sUnk_83B7688
0x083B76A0	rom	0x48	sUnk_83B76A0
0x083B76E8	rom	0x10	sUnk_83B76E8
0x083B76F8	rom	0x10	sUnk_83B76F8
0x083B7708	rom	0xA0	sUnk_83B7708
0x083B77A8	rom	0x48	sUnk_83B77A8
0x083B77F0	rom	0xC0	sUnk_83B77F0
0x083B78B0	rom	0x28	sUnk_83B78B0
0x083B78D8	rom	0x840	sUnk_83B78D8
0x083B8118	rom	0x38	sUnk_83B8118
0x083B8150	rom	0x10	sUnk_83B8150
0x083B8160	rom	0x10	sUnk_83B8160
0x083B8170	rom	0x58	sUnk_83B8170
0x083B81C8	rom	0x18	sUnk_83B81C8
0x083B81E0	rom	0x68	sUnk_83B81E0
0x083B8248	rom	0x50	sUnk_83B8248
0x083B8298	rom	0x20	sUnk_83B8298
0x083B82B8	rom	0x38	sUnk_83B82B8
0x083B82F0	rom	0x444	sUnk_83B82F0
0x083B8734	rom	0x38	sUnk_83B8734
0x083B876C	rom	0x18	sUnk_83B876C
0x083B8784	rom	0x18	sUnk_83B8784
0x083B879C	rom	0x28	sUnk_83B879C
0x083B87C4	rom	0x68	sUnk_83B87C4
0x083B882C	rom	0x28	sUnk_83B882C
0x083B8854	rom	0x30	sUnk_83B8854
0x083B8884	rom	0x18	sUnk_83B8884
0x083B889C	rom	0x121C	sUnk_83B889C
0x083B9AB8	rom	0x18	sUnk_83B9AB8
0x083B9AD0	rom	0x20	sUnk_83B9AD0
0x083B9AF0	rom	0x10	sUnk_83B9AF0
0x083B9B00	rom	0x40	sUnk_83B9B00
0x083B9B40	rom	0x150	sUnk_83B9B40
0x083B9C90	rom	0x48	sUnk_83B9C90
0x083B9CD8	rom	0x48	sUnk_83B9CD8
0x083B9D20	rom	0x18	sUnk_83B9D20
0x083B9D38	rom	0xC0	sUnk_83B9D38
0x083B9DF8	rom	0x20	sUnk_83B9DF8
0x083B9E18	rom	0x28	sUnk_83B9E18
0x083B9E40	rom	0x10	sUnk_83B9E40
0x083B9E50	rom	0x10	sUnk_83B9E50
0x083B9E60	rom	0x10	sUnk_83B9E60
0x083B9E70	rom	0x54	sUnk_83B9E70
0x083B9EC4	rom	0x10	sUnk_83B9EC4
0x083B9ED4	rom	0x10	sUnk_83B9ED4
0x083B9EE4	rom	0x1D8	sUnk_83B9EE4
0x083BA0BC	rom	0x20	sUnk_83BA0BC
0x083BA0DC	rom	0x20	sUnk_83BA0DC
0x083BA0FC	rom	0x10	sUnk_83BA0FC
0x083BA10C	rom	0x20	sUnk_83BA10C
0x083BA12C	rom	0x20	sUnk_83BA12C
0x083BA14C	rom	0x42C	sUnk_83BA14C
0x083BA578	rom	0x48	sUnk_83BA578
0x083BA5C0	rom	0x1E4	sUnk_83BA5C0
0x083BA7A4	rom	0x18	sUnk_83BA7A4
0x083BA7BC	rom	0x30	sUnk_83BA7BC
0x083BA7EC	rom	0x30	sUnk_83BA7EC
0x083BA81C	rom	0x18	sUnk_83BA81C
0x083BA834	rom	0x18	sUnk_83BA834
0x083BA84C	rom	0x18	sUnk_83BA84C
0x083BA864	rom	0xFC	sUnk_83BA864
0x083BA960	rom	0x18	sUnk_83BA960
0x083BA978	rom	0x50	sUnk_83BA978
0x083BA9C8	rom	0x22	sUnk_83BA9C8
0x083BA9EA	rom	0x52	sUnk_83BA9EA
0x083BAA3C	rom	0x6AC	sUnk_83BAA3C
0x083BB0E8	rom	0x38	sUnk_83BB0E8
0x083BB120	rom	0x38	sUnk_83BB120
0x083BB158	rom	0x48	sUnk_83BB158
0x083BB1A0	rom	0x38	sUnk_83BB1A0
0x083BB1D8	rom	0x48	sUnk_83BB1D8
0x083BB220	rom	0x20	sUnk_83BB220
0x083BB240	rom	0x38	sUnk_83BB240
0x083BB278	rom	0x38	sUnk_83BB278
0x083BB2B0	rom	0x38	sUnk_83BB2B0
0x083BB2E8	rom	0x20	sUnk_83BB2E8
0x083BB308	rom	0x58	sUnk_83BB308
0x083BB360	rom	0x18	sUnk_83BB360
0x083BB378	rom	0x10	sUnk_83BB378
0x083BB388	rom	0x20	sUnk_83BB388
0x083BB3A8	rom	0x18	sUnk_83BB3A8
0x083BB3C0	rom	0x30	sUnk_83BB3C0
0x083BB3F0	rom	0x90	sUnk_83BB3F0
0x083BB480	rom	0x1BC	sUnk_83BB480
0x083BB63C	rom	0x10	sUnk_83BB63C
0x083BB64C	rom	0x50	sUnk_83BB64C
0x083BB69C	rom	0x10	sUnk_83BB69C
0x083BB6AC	rom	0x58	sUnk_83BB6AC
0x083BB704	rom	0xA8	sUnk_83BB704
0x083BB7AC	rom	0x5C0	sUnk_83BB7AC
0x083BBD6C	rom	0x88	sUnk_83BBD6C
0x083BBDF4	rom	0x28	sUnk_83BBDF4
0x083BBE1C	rom	0x48	sUnk_83BBE1C
0x083BBE64	rom	0x28	sUnk_83BBE64
0x083BBE8C	rom	0x50	sUnk_83BBE8C
0x083BBEDC	rom	0x28	sUnk_83BBEDC
0x083BBF04	rom	0x28	sUnk_83BBF04
0x083BBF2C	rom	0x28	sUnk_83BBF2C
0x083BBF54	rom	0x28	sUnk_83BBF54
0x083BBF7C	rom	0x48	sUnk_83BBF7C
0x083BBFC4	rom	0x10	sUnk_83BBFC4
0x083BBFD4	rom	0x10	sUnk_83BBFD4
0x083BBFE4	rom	0x20	sUnk_83BBFE4
0x083BC004	rom	0x20	sUnk_83BC004
0x083BC024	rom	0x28	sUnk_83BC024
0x083BC04C	rom	0x62	sUnk_83BC04C
0x083BC0AE	rom	0x4C2	sUnk_83BC0AE
0x083BC570	rom	0x38	sUnk_83BC570
0x083BC5A8	rom	0x38	sUnk_83BC5A8
0x083BC5E0	rom	0x18	sUnk_83BC5E0
0x083BC5F8	rom	0x20	sUnk_83BC5F8
0x083BC618	rom	0x58	sUnk_83BC618
0x083BC670	rom	0x50	sUnk_83BC670
0x083BC6C0	rom	0x20	sUnk_83BC6C0
0x083BC6E0	rom	0x38	sUnk_83BC6E0
0x083BC718	rom	0x18	sUnk_83BC718
0x083BC730	rom	0x11C	sUnk_83BC730
0x083BC84C	rom	0x48	sUnk_83BC84C
0x083BC894	rom	0x28	sUnk_83BC894
0x083BC8BC	rom	0x28	sUnk_83BC8BC
0x083BC8E4	rom	0x5D0	sUnk_83BC8E4
0x083BCEB4	rom	0x48	sUnk_83BCEB4
0x083BCEFC	rom	0x28	sUnk_83BCEFC
0x083BCF24	rom	0x28	sUnk_83BCF24
0x083BCF4C	rom	0x48	sUnk_83BCF4C
0x083BCF94	rom	0x18	sUnk_83BCF94
0x083BCFAC	rom	0x10	sUnk_83BCFAC
0x083BCFBC	rom	0x18	sUnk_83BCFBC
0x083BCFD4	rom	0x38	sUnk_83BCFD4
0x083BD00C	rom	0x10	sUnk_83BD00C
0x083BD01C	rom	0x30	sUnk_83BD01C
0x083BD04C	rom	0x28	sUnk_83BD04C
0x083BD074	rom	0x28	sUnk_83BD074
0x083BD09C	rom	0x30	sUnk_83BD09C
0x083BD0CC	rom	0x20	sUnk_83BD0CC
0x083BD0EC	rom	0x20	sUnk_83BD0EC
0x083BD10C	rom	0x28	sUnk_83BD10C
0x083BD134	rom	0x18	sUnk_83BD134
0x083BD14C	rom	0x18	sUnk_83BD14C
0x083BD164	rom	0x28	sUnk_83BD164
0x083BD18C	rom	0x10	sUnk_83BD18C
0x083BD19C	rom	0x10	sUnk_83BD19C
0x083BD1AC	rom	0x280	sUnk_83BD1AC
0x083BD42C	rom	0x80	sUnk_83BD42C
0x083BD4AC	rom	0x10	sUnk_83BD4AC
0x083BD4BC	rom	0x48	sUnk_83BD4BC
0x083BD504	rom	0x70	sUnk_83BD504
0x083BD574	rom	0x18	sUnk_83BD574
0x083BD58C	rom	0x38	sUnk_83BD58C
0x083BD5C4	rom	0x10	sUnk_83BD5C4
0x083BD5D4	rom	0x8C	sUnk_83BD5D4
0x083BD660	rom	0x78	sUnk_83BD660
0x083BD6D8	rom	0x18	sUnk_83BD6D8
0x083BD6F0	rom	0x2B0	sUnk_83BD6F0
0x083BD9A0	rom	0x48	sUnk_83BD9A0
0x083BD9E8	rom	0x48	sUnk_83BD9E8
0x083BDA30	rom	0x60	sUnk_83BDA30
0x083BDA90	rom	0x28	sUnk_83BDA90
0x083BDAB8	rom	0x38	sUnk_83BDAB8
0x083BDAF0	rom	0x10	sUnk_83BDAF0
0x083BDB00	rom	0x254	sUnk_83BDB00
0x083BDD54	rom	0x10	sUnk_83BDD54
0x083BDD64	rom	0x10	sUnk_83BDD64
0x083BDD74	rom	0x130	sUnk_83BDD74
0x083BDEA4	rom	0x11C	sUnk_83BDEA4
0x083BDFC0	rom	0x30	sUnk_83BDFC0
0x083BDFF0	rom	0x174	sUnk_83BDFF0
0x083BE164	rom	0x38	sUnk_83BE164
0x083BE19C	rom	0x38	sUnk_83BE19C
0x083BE1D4	rom	0x60	sUnk_83BE1D4
0x083BE234	rom	0x9C0	sUnk_83BE234
0x083BEBF4	rom	0x38	sUnk_83BEBF4
0x083BEC2C	rom	0x38	sUnk_83BEC2C
0x083BEC64	rom	0x20	sUnk_83BEC64
0x083BEC84	rom	0x20	sUnk_83BEC84
0x083BECA4	rom	0x68	sUnk_83BECA4
0x083BED0C	rom	0x40	sUnk_83BED0C
0x083BED4C	rom	0x20	sUnk_83BED4C
0x083BED6C	rom	0x58	sUnk_83BED6C
0x083BEDC4	rom	0x38	sUnk_83BEDC4
0x083BEDFC	rom	0x90	sUnk_83BEDFC
0x083BEE8C	rom	0x30	sUnk_83BEE8C
0x083BEEBC	rom	0x40	sUnk_83BEEBC
0x083BEEFC	rom	0x38	sUnk_83BEEFC
0x083BEF34	rom	0x10	sUnk_83BEF34
0x083BEF44	rom	0xA42	sUnk_83BEF44
0x083BF986	rom	0x206	sUnk_83BF986
0x083BFB8C	rom	0x128	sUnk_83BFB8C
0x083BFCB4	rom	0x30	sUnk_83BFCB4
0x083BFCE4	rom	0x30	sUnk_83BFCE4
0x083BFD14	rom	0x30	sUnk_83BFD14
0x083BFD44	rom	0x30	sUnk_83BFD44
0x083BFD74	rom	0x30	sUnk_83BFD74
0x083BFDA4	rom	0x30	sUnk_83BFDA4
0x083BFDD4	rom	0xC54	sUnk_83BFDD4
0x083C0A28	rom	0x128	sUnk_83C0A28
0x083C0B50	rom	0x30	sUnk_83C0B50
0x083C0B80	rom	0x30	sUnk_83C0B80
0x083C0BB0	rom	0x30	sUnk_83C0BB0
0x083C0BE0	rom	0x30	sUnk_83C0BE0
0x083C0C10	rom	0x30	sUnk_83C0C10
0x083C0C40	rom	0x110	sUnk_83C0C40
0x083C0D50	rom	0x520	sUnk_83C0D50
0x083C1270	rom	0x38	sUnk_83C1270
0x083C12A8	rom	0x38	sUnk_83C12A8
0x083C12E0	rom	0x28	sUnk_83C12E0
0x083C1308	rom	0x28	sUnk_83C1308
0x083C1330	rom	0xA8	sUnk_83C1330
0x083C13D8	rom	0x38	sUnk_83C13D8
0x083C1410	rom	0x80	sUnk_83C1410
0x083C1490	rom	0x38	sUnk_83C1490
0x083C14C8	rom	0x28	sUnk_83C14C8
0x083C14F0	rom	0x28	sUnk_83C14F0
0x083C1518	rom	0x10	sUnk_83C1518
0x083C1528	rom	0x18	sUnk_83C1528
0x083C1540	rom	0x56	sUnk_83C1540
0x083C1596	rom	0x167E	sUnk_83C1596
0x083C2C14	rom	0x38	sUnk_83C2C14
0x083C2C4C	rom	0x38	sUnk_83C2C4C
0x083C2C84	rom	0x20	sUnk_83C2C84
0x083C2CA4	rom	0x18	sUnk_83C2CA4
0x083C2CBC	rom	0x30	sUnk_83C2CBC
0x083C2CEC	rom	0x38	sUnk_83C2CEC
0x083C2D24	rom	0x38	sUnk_83C2D24
0x083C2D5C	rom	0x20	sUnk_83C2D5C
0x083C2D7C	rom	0x18	sUnk_83C2D7C
0x083C2D94	rom	0x30	sUnk_83C2D94
0x083C2DC4	rom	0x38	sUnk_83C2DC4
0x083C2DFC	rom	0x38	sUnk_83C2DFC
0x083C2E34	rom	0x20	sUnk_83C2E34
0x083C2E54	rom	0x18	sUnk_83C2E54
0x083C2E6C	rom	0x30	sUnk_83C2E6C
0x083C2E9C	rom	0x38	sUnk_83C2E9C
0x083C2ED4	rom	0x38	sUnk_83C2ED4
0x083C2F0C	rom	0x20	sUnk_83C2F0C
0x083C2F2C	rom	0x18	sUnk_83C2F2C
0x083C2F44	rom	0x30	sUnk_83C2F44
0x083C2F74	rom	0x38	sUnk_83C2F74
0x083C2FAC	rom	0x38	sUnk_83C2FAC
0x083C2FE4	rom	0x20	sUnk_83C2FE4
0x083C3004	rom	0x18	sUnk_83C3004
0x083C301C	rom	0x10	sUnk_83C301C
0x083C302C	rom	0x10	sUnk_83C302C
0x083C303C	rom	0x10	sUnk_83C303C
0x083C304C	rom	0x10	sUnk_83C304C
0x083C305C	rom	0x10	sUnk_83C305C
0x083C306C	rom	0x10	sUnk_83C306C
0x083C307C	rom	0x18	sUnk_83C307C
0x083C3094	rom	0x18	sUnk_83C3094
0x083C30AC	rom	0x18	sUnk_83C30AC
0x083C30C4	rom	0x18	sUnk_83C30C4
0x083C30DC	rom	0x18	sUnk_83C30DC
0x083C30F4	rom	0x1080	sUnk_83C30F4
0x083C4174	rom	0x10	sUnk_83C4174
0x083C4184	rom	0x10	sUnk_83C4184
0x083C4194	rom	0x10	sUnk_83C4194
0x083C41A4	rom	0x10	sUnk_83C41A4
0x083C41B4	rom	0x10	sUnk_83C41B4
0x083C41C4	rom	0x10	sUnk_83C41C4
0x083C41D4	rom	0x10	sUnk_83C41D4
0x083C41E4	rom	0x10	sUnk_83C41E4
0x083C41F4	rom	0x10	sUnk_83C41F4
0x083C4204	rom	0x10	sUnk_83C4204
0x083C4214	rom	0x10	sUnk_83C4214
0x083C4224	rom	0x10	sUnk_83C4224
0x083C4234	rom	0x10	sUnk_83C4234
0x083C4244	rom	0x10	sUnk_83C4244
0x083C4254	rom	0x10	sUnk_83C4254
0x083C4264	rom	0x10	sUnk_83C4264
0x083C4274	rom	0x10	sUnk_83C4274
0x083C4284	rom	0x10	sUnk_83C4284
0x083C4294	rom	0x10	sUnk_83C4294
0x083C42A4	rom	0x10	sUnk_83C42A4
0x083C42B4	rom	0x10	sUnk_83C42B4
0x083C42C4	rom	0x10	sUnk_83C42C4
0x083C42D4	rom	0x10	sUnk_83C42D4
0x083C42E4	rom	0x10	sUnk_83C42E4
0x083C42F4	rom	0x10	sUnk_83C42F4
0x083C4304	rom	0x10	sUnk_83C4304
0x083C4314	rom	0x10	sUnk_83C4314
0x083C4324	rom	0x10	sUnk_83C4324
0x083C4334	rom	0x10	sUnk_83C4334
0x083C4344	rom	0x10	sUnk_83C4344
0x083C4354	rom	0x10	sUnk_83C4354
0x083C4364	rom	0x10	sUnk_83C4364
0x083C4374	rom	0x10	sUnk_83C4374
0x083C4384	rom	0x10	sUnk_83C4384
0x083C4394	rom	0x10	sUnk_83C4394
0x083C43A4	rom	0x10	sUnk_83C43A4
0x083C43B4	rom	0x10	sUnk_83C43B4
0x083C43C4	rom	0x10	sUnk_83C43C4
0x083C43D4	rom	0x10	sUnk_83C43D4
0x083C43E4	rom	0x10	sUnk_83C43E4
0x083C43F4	rom	0x10	sUnk_83C43F4
0x083C4404	rom	0x10	sUnk_83C4404
0x083C4414	rom	0x10	sUnk_83C4414
0x083C4424	rom	0x10	sUnk_83C4424
0x083C4434	rom	0x10	sUnk_83C4434
0x083C4444	rom	0x10	sUnk_83C4444
0x083C4454	rom	0x10	sUnk_83C4454
0x083C4464	rom	0x10	sUnk_83C4464
0x083C4474	rom	0x10	sUnk_83C4474
0x083C4484	rom	0x10	sUnk_83C4484
0x083C4494	rom	0x10	sUnk_83C4494
0x083C44A4	rom	0x10	sUnk_83C44A4
0x083C44B4	rom	0x10	sUnk_83C44B4
0x083C44C4	rom	0x10	sUnk_83C44C4
0x083C44D4	rom	0x10	sUnk_83C44D4
0x083C44E4	rom	0x10	sUnk_83C44E4
0x083C44F4	rom	0x10	sUnk_83C44F4
0x083C4504	rom	0x10	sUnk_83C4504
0x083C4514	rom	0x10	sUnk_83C4514
0x083C4524	rom	0x10	sUnk_83C4524
0x083C4534	rom	0x10	sUnk_83C4534
0x083C4544	rom	0x10	sUnk_83C4544
0x083C4554	rom	0x10	sUnk_83C4554
0x083C4564	rom	0x10	sUnk_83C4564
0x083C4574	rom	0x10	sUnk_83C4574
0x083C4584	rom	0x10	sUnk_83C4584
0x083C4594	rom	0x10	sUnk_83C4594
0x083C45A4	rom	0x10	sUnk_83C45A4
0x083C45B4	rom	0x10	sUnk_83C45B4
0x083C45C4	rom	0x10	sUnk_83C45C4
0x083C45D4	rom	0x10	sUnk_83C45D4
0x083C45E4	rom	0x10	sUnk_83C45E4
0x083C45F4	rom	0x10	sUnk_83C45F4
0x083C4604	rom	0x10	sUnk_83C4604
0x083C4614	rom	0x10	sUnk_83C4614
0x083C4624	rom	0x10	sUnk_83C4624
0x083C4634	rom	0x10	sUnk_83C4634
0x083C4644	rom	0x10	sUnk_83C4644
0x083C4654	rom	0x10	sUnk_83C4654
0x083C4664	rom	0x10	sUnk_83C4664
0x083C4674	rom	0x10	sUnk_83C4674
0x083C4684	rom	0x10	sUnk_83C4684
0x083C4694	rom	0x10	sUnk_83C4694
0x083C46A4	rom	0x10	sUnk_83C46A4
0x083C46B4	rom	0x10	sUnk_83C46B4
0x083C46C4	rom	0x10	sUnk_83C46C4
0x083C46D4	rom	0x10	sUnk_83C46D4
0x083C46E4	rom	0x10	sUnk_83C46E4
0x083C46F4	rom	0x10	sUnk_83C46F4
0x083C4704	rom	0x10	sUnk_83C4704
0x083C4714	rom	0x10	sUnk_83C4714
0x083C4724	rom	0x10	sUnk_83C4724
0x083C4734	rom	0x10	sUnk_83C4734
0x083C4744	rom	0x10	sUnk_83C4744
0x083C4754	rom	0x40	sUnk_83C4754
0x083C4794	rom	0x20	sUnk_83C4794
0x083C47B4	rom	0x20	sUnk_83C47B4
0x083C47D4	rom	0x100	sUnk_83C47D4
0x083C48D4	rom	0x20	sUnk_83C48D4
0x083C48F4	rom	0x28	sUnk_83C48F4
0x083C491C	rom	0x68	sUnk_83C491C
0x083C4984	rom	0x28	sUnk_83C4984
0x083C49AC	rom	0x28	sUnk_83C49AC
0x083C49D4	rom	0x18	sUnk_83C49D4
0x083C49EC	rom	0x18	sUnk_83C49EC
0x083C4A04	rom	0x20	sUnk_83C4A04
0x083C4A24	rom	0x22	sUnk_83C4A24
0x083C4A46	rom	0x82	sUnk_83C4A46
0x083C4AC8	rom	0x10	sUnk_83C4AC8
0x083C4AD8	rom	0x10	sUnk_83C4AD8
0x083C4CD8	rom	0x248	sUnk_83C4CD8
0x083C4F20	rom	0x48	sUnk_83C4F20
0x083C4F68	rom	0x3FC	sUnk_83C4F68
0x083C5364	rom	0x28	sUnk_83C5364
0x083C538C	rom	0x28	sUnk_83C538C
0x083C53B4	rom	0x10	sUnk_83C53B4
0x083C53C4	rom	0x38	sUnk_83C53C4
0x083C53FC	rom	0x12C	sUnk_83C53FC
0x083C5528	rom	0x40	sUnk_83C5528
0x083C5568	rom	0x30	sUnk_83C5568
0x083C5598	rom	0x52	sUnk_83C5598
0x083C55EA	rom	0x5A	sUnk_83C55EA
0x083C5644	rom	0x6A	sUnk_83C5644
0x083C56AE	rom	0x32	sUnk_83C56AE
0x083C56E0	rom	0xC1C	sUnk_83C56E0
0x083C62FC	rom	0x88	sUnk_83C62FC
0x083C6384	rom	0x68	sUnk_83C6384
0x083C63EC	rom	0x38	sUnk_83C63EC
0x083C6424	rom	0x48	sUnk_83C6424
0x083C646C	rom	0x28	sUnk_83C646C
0x083C6494	rom	0x28	sUnk_83C6494
0x083C64BC	rom	0x30	sUnk_83C64BC
0x083C64EC	rom	0x30	sUnk_83C64EC
0x083C651C	rom	0x78	sUnk_83C651C
0x083C6594	rom	0x82	sUnk_83C6594
0x083C6616	rom	0x986	sUnk_83C6616
0x083C6F9C	rom	0x10	sUnk_83C6F9C
0x083C6FAC	rom	0x88	sUnk_83C6FAC
0x083C7034	rom	0x98	sUnk_83C7034
0x083C70CC	rom	0x90	sUnk_83C70CC
0x083C715C	rom	0x10	sUnk_83C715C
0x083C716C	rom	0x28	sUnk_83C716C
0x083C7194	rom	0x10	sUnk_83C7194
0x083C71A4	rom	0x28	sUnk_83C71A4
0x083C71CC	rom	0x10	sUnk_83C71CC
0x083C71DC	rom	0x38	sUnk_83C71DC
0x083C7214	rom	0xB8	sUnk_83C7214
0x083C72CC	rom	0x10	sUnk_83C72CC
0x083C72DC	rom	0x60	sUnk_83C72DC
0x083C733C	rom	0x60	sUnk_83C733C
0x083C739C	rom	0x88	sUnk_83C739C
0x083C7424	rom	0x2E8	sUnk_83C7424
0x083C770C	rom	0x28	sUnk_83C770C
0x083C7734	rom	0x28	sUnk_83C7734
0x083C775C	rom	0x20	sUnk_83C775C
0x083C777C	rom	0x20	sUnk_83C777C
0x083C779C	rom	0x20	sUnk_83C779C
0x083C77BC	rom	0x20	sUnk_83C77BC
0x083C77DC	rom	0x30	sUnk_83C77DC
0x083C780C	rom	0x28	sUnk_83C780C
0x083C7834	rom	0x28	sUnk_83C7834
0x083C785C	rom	0x30	sUnk_83C785C
0x083C788C	rom	0x100	sUnk_83C788C
0x083C798C	rom	0x10	sUnk_83C798C
0x083C799C	rom	0x10	sUnk_83C799C
0x083C79AC	rom	0x10	sUnk_83C79AC
0x083C79BC	rom	0x40	sUnk_83C79BC
0x083C79FC	rom	0x50	sUnk_83C79FC
0x083C7A4C	rom	0x10	sUnk_83C7A4C
0x083C7A5C	rom	0x10	sUnk_83C7A5C
0x083C7A6C	rom	0x334	sUnk_83C7A6C
0x083C7DA0	rom	0x10	sUnk_83C7DA0
0x083C7DB0	rom	0x38	sUnk_83C7DB0
0x083C7DE8	rom	0x28	sUnk_83C7DE8
0x083C7E10	rom	0x18	sUnk_83C7E10
0x083C7E28	rom	0x18	sUnk_83C7E28
0x083C7E40	rom	0x38	sUnk_83C7E40
0x083C7E78	rom	0x28	sUnk_83C7E78
0x083C7EA0	rom	0x18	sUnk_83C7EA0
0x083C7EB8	rom	0x20	sUnk_83C7EB8
0x083C7ED8	rom	0x18	sUnk_83C7ED8
0x083C7EF0	rom	0x18	sUnk_83C7EF0
0x083C7F08	rom	0x18	sUnk_83C7F08
0x083C7F20	rom	0x330	sUnk_83C7F20
0x083C8250	rom	0x10	sUnk_83C8250
0x083C8260	rom	0x18	sUnk_83C8260
0x083C8278	rom	0x28	sUnk_83C8278
0x083C82A0	rom	0x48	sUnk_83C82A0
0x083C82E8	rom	0x30	sUnk_83C82E8
0x083C8318	rom	0x20	sUnk_83C8318
0x083C8338	rom	0x20	sUnk_83C8338
0x083C8358	rom	0x18	sUnk_83C8358
0x083C8370	rom	0x20	sUnk_83C8370
0x083C8390	rom	0x10	sUnk_83C8390
0x083C83A0	rom	0x18	sUnk_83C83A0
0x083C83B8	rom	0x638	sUnk_83C83B8
0x083C89F0	rom	0x48	sUnk_83C89F0
0x083C8A38	rom	0x28	sUnk_83C8A38
0x083C8A60	rom	0x28	sUnk_83C8A60
0x083C8A88	rom	0x28	sUnk_83C8A88
0x083C8AB0	rom	0x48	sUnk_83C8AB0
0x083C8AF8	rom	0x28	sUnk_83C8AF8
0x083C8B20	rom	0x28	sUnk_83C8B20
0x083C8B48	rom	0x28	sUnk_83C8B48
0x083C8B70	rom	0x48	sUnk_83C8B70
0x083C8BB8	rom	0x28	sUnk_83C8BB8
0x083C8BE0	rom	0x28	sUnk_83C8BE0
0x083C8C08	rom	0x58	sUnk_83C8C08
0x083C8C60	rom	0x38	sUnk_83C8C60
0x083C8C98	rom	0x38	sUnk_83C8C98
0x083C8CD0	rom	0xDE	sUnk_83C8CD0
0x083C8DAE	rom	0x7EE	sUnk_83C8DAE
0x083C959C	rom	0x10	sUnk_83C959C
0x083C95AC	rom	0x68	sUnk_83C95AC
0x083C9614	rom	0x3CC	sUnk_83C9614
0x083C99E0	rom	0x28	sUnk_83C99E0
0x083C9A08	rom	0x18	sUnk_83C9A08
0x083C9A20	rom	0x30	sUnk_83C9A20
0x083C9A50	rom	0x28	sUnk_83C9A50
0x083C9A78	rom	0x28	sUnk_83C9A78
0x083C9AA0	rom	0x48	sUnk_83C9AA0
0x083C9AE8	rom	0x40	sUnk_83C9AE8
0x083C9B28	rom	0x2E	sUnk_83C9B28
0x083C9B56	rom	0x40	sUnk_83C9B56
0x083C9B96	rom	0x8A	sUnk_83C9B96
0x083C9C20	rom	0x18	sUnk_83C9C20
0x083C9C38	rom	0x78	sUnk_83C9C38
0x083C9CB0	rom	0x18	sUnk_83C9CB0
0x083C9CC8	rom	0x28	sUnk_83C9CC8
0x083C9CF0	rom	0x68	sUnk_83C9CF0
0x083C9D58	rom	0x420	sUnk_83C9D58
0x083CA178	rom	0x28	sUnk_83CA178
0x083CA1A0	rom	0x18	sUnk_83CA1A0
0x083CA1B8	rom	0x18	sUnk_83CA1B8
0x083CA1D0	rom	0xA0	sUnk_83CA1D0
0x083CA270	rom	0x28	sUnk_83CA270
0x083CA298	rom	0x28	sUnk_83CA298
0x083CA2C0	rom	0x28	sUnk_83CA2C0
0x083CA2E8	rom	0x18	sUnk_83CA2E8
0x083CA300	rom	0x18	sUnk_83CA300
0x083CA318	rom	0x10	sUnk_83CA318
0x083CA328	rom	0x30	sUnk_83CA328
0x083CA358	rom	0x98	sUnk_83CA358
0x083CA3F0	rom	0x10	sUnk_83CA3F0
0x083CA400	rom	0x30	sUnk_83CA400
0x083CA430	rom	0x10	sUnk_83CA430
0x083CA440	rom	0x22	sUnk_83CA440
0x083CA462	rom	0x1C	sUnk_83CA462
0x083CA47E	rom	0x3D2	sUnk_83CA47E
0x083CA850	rom	0x48	sUnk_83CA850
0x083CA898	rom	0x48	sUnk_83CA898
0x083CA8E0	rom	0x18	sUnk_83CA8E0
0x083CA8F8	rom	0x18	sUnk_83CA8F8
0x083CA910	rom	0x10	sUnk_83CA910
0x083CA920	rom	0x60	sUnk_83CA920
0x083CA980	rom	0x14D4	sUnk_83CA980
0x083CBE54	rom	0x14E0	sUnk_83CBE54
0x083CD334	rom	0x28	sUnk_83CD334
0x083CD35C	rom	0x18	sUnk_83CD35C
0x083CD374	rom	0x28	sUnk_83CD374
0x083CD39C	rom	0x50	sUnk_83CD39C
0x083CD3EC	rom	0x107C	sUnk_83CD3EC
0x083CE468	rom	0x28	sUnk_83CE468
0x083CE490	rom	0x18	sUnk_83CE490
0x083CE4A8	rom	0x28	sUnk_83CE4A8
0x083CE4D0	rom	0x28	sUnk_83CE4D0
0x083CE4F8	rom	0xC6C	sUnk_83CE4F8
0x083CF164	rom	0x20C	sUnk_83CF164
0x083CF370	rom	0x80	sUnk_83CF370
0x083CF3F0	rom	0x10	sUnk_83CF3F0
0x083CF400	rom	0x78	sUnk_83CF400
0x083CF478	rom	0x40	sUnk_83CF478
0x083CF4B8	rom	0xDC	sUnk_83CF4B8
0x083CF594	rom	0x28	sUnk_83CF594
0x083CF5BC	rom	0x18	sUnk_83CF5BC
0x083CF5D4	rom	0x18	sUnk_83CF5D4
0x083CF5EC	rom	0x140	sUnk_83CF5EC
0x083CF72C	rom	0x190	sUnk_83CF72C
0x083CF8BC	rom	0x40	sUnk_83CF8BC
0x083CF8FC	rom	0x24	sUnk_83CF8FC
0x083CF920	rom	0x10	sUnk_83CF920
0x083CF930	rom	0x38	sUnk_83CF930
0x083CF968	rom	0x8	sUnk_83CF968
0x083CF970	rom	0x10	sUnk_83CF970
0x083CF980	rom	0x6A	sUnk_83CF980
0x083CF9EA	rom	0x20	sUnk_83CF9EA
0x083CFA0A	rom	0x72	sUnk_83CFA0A
0x083CFA7C	rom	0x52	sUnk_83CFA7C
0x083CFACE	rom	0x7A	sUnk_83CFACE
0x083CFB48	rom	0x10	sUnk_83CFB48
0x083CFB58	rom	0x10	sUnk_83CFB58
0x083CFB68	rom	0x10	sUnk_83CFB68
0x083CFB78	rom	0x60	sUnk_83CFB78
0x083CFBD8	rom	0x60	sUnk_83CFBD8
0x083CFC38	rom	0x60	sUnk_83CFC38
0x083CFC98	rom	0x30	sUnk_83CFC98
0x083CFCC8	rom	0x30	sUnk_83CFCC8
0x083CFCF8	rom	0x78	sUnk_83CFCF8
0x083CFD70	rom	0x78	sUnk_83CFD70
0x083CFDE8	rom	0x78	sUnk_83CFDE8
0x083CFE60	rom	0x3C	sUnk_83CFE60
0x083CFE9C	rom	0x3C	sUnk_83CFE9C
0x083CFED8	rom	0x60	sUnk_83CFED8
0x083CFF38	rom	0x60	sUnk_83CFF38
0x083CFF98	rom	0x60	sUnk_83CFF98
0x083CFFF8	rom	0x78	sUnk_83CFFF8
0x083D0070	rom	0x78	sUnk_83D0070
0x083D00E8	rom	0x78	sUnk_83D00E8
0x083D0160	rom	0x60	sUnk_83D0160
0x083D01C0	rom	0x60	sUnk_83D01C0
0x083D0220	rom	0x60	sUnk_83D0220
0x083D0280	rom	0x78	sUnk_83D0280
0x083D02F8	rom	0x78	sUnk_83D02F8
0x083D0370	rom	0x5C8	sUnk_83D0370
0x083D0938	rom	0x10	sUnk_83D0938
0x083D0948	rom	0x18	sUnk_83D0948
0x083D0960	rom	0x10	sUnk_83D0960
0x083D0970	rom	0x18	sUnk_83D0970
0x083D0988	rom	0x10	sUnk_83D0988
0x083D0998	rom	0x18	sUnk_83D0998
0x083D09B0	rom	0x10	sUnk_83D09B0
0x083D09C0	rom	0x18	sUnk_83D09C0
0x083D09D8	rom	0x10	sUnk_83D09D8
0x083D09E8	rom	0x18	sUnk_83D09E8
0x083D0A00	rom	0x10	sUnk_83D0A00
0x083D0A10	rom	0x18	sUnk_83D0A10
0x083D0A28	rom	0x10	sUnk_83D0A28
0x083D0A38	rom	0x18	sUnk_83D0A38
0x083D0A50	rom	0x10	sUnk_83D0A50
0x083D0A60	rom	0xA8	sUnk_83D0A60
0x083D0B08	rom	0x10	sUnk_83D0B08
0x083D0B18	rom	0x10	sUnk_83D0B18
0x083D0B28	rom	0x10	sUnk_83D0B28
0x083D0B38	rom	0x10	sUnk_83D0B38
0x083D0B48	rom	0x10	sUnk_83D0B48
0x083D0B58	rom	0x10	sUnk_83D0B58
0x083D0B68	rom	0x80	sUnk_83D0B68
0x083D0BE8	rom	0x18	sUnk_83D0BE8
0x083D0C00	rom	0x18	sUnk_83D0C00
0x083D0C18	rom	0x18	sUnk_83D0C18
0x083D0C30	rom	0x18	sUnk_83D0C30
0x083D0C48	rom	0xF4	sUnk_83D0C48
0x083D0D3C	rom	0x28	sUnk_83D0D3C
0x083D0D64	rom	0x50	sUnk_83D0D64
0x083D0DB4	rom	0x28	sUnk_83D0DB4
0x083D0DDC	rom	0xB8	sUnk_83D0DDC
0x083D0E94	rom	0x10	sUnk_83D0E94
0x083D0EA4	rom	0x10	sUnk_83D0EA4
0x083D0EB4	rom	0x10	sUnk_83D0EB4
0x083D0EC4	rom	0x10	sUnk_83D0EC4
0x083D0ED4	rom	0x530	sUnk_83D0ED4
0x083D1404	rom	0x90	sUnk_83D1404
0x083D1494	rom	0x78	sUnk_83D1494
0x083D150C	rom	0x50	sUnk_83D150C
0x083D155C	rom	0x38	sUnk_83D155C
0x083D1594	rom	0x20	sUnk_83D1594
0x083D15B4	rom	0x20	sUnk_83D15B4
0x083D15D4	rom	0x28	sUnk_83D15D4
0x083D15FC	rom	0x18	sUnk_83D15FC
0x083D1614	rom	0x18	sUnk_83D1614
0x083D162C	rom	0x38	sUnk_83D162C
0x083D1664	rom	0x10	sUnk_83D1664
0x083D1674	rom	0x18	sUnk_83D1674
0x083D168C	rom	0x20	sUnk_83D168C
0x083D16AC	rom	0x58	sUnk_83D16AC
0x083D1704	rom	0x28	sUnk_83D1704
0x083D172C	rom	0x920	sUnk_83D172C
0x083D204C	rom	0x10	sUnk_83D204C
0x083D205C	rom	0x18	sUnk_83D205C
0x083D2074	rom	0x18	sUnk_83D2074
0x083D208C	rom	0x158	sUnk_83D208C
0x083D21E4	rom	0x38	sUnk_83D21E4
0x083D221C	rom	0x10	sUnk_83D221C
0x083D222C	rom	0x18	sUnk_83D222C
0x083D2244	rom	0x20	sUnk_83D2244
0x083D2264	rom	0x10	sUnk_83D2264
0x083D2274	rom	0x118	sUnk_83D2274
0x083D238C	rom	0x18	sUnk_83D238C
0x083D23A4	rom	0x1CC	sUnk_83D23A4
0x083D2570	rom	0x28	sUnk_83D2570
0x083D2598	rom	0x28	sUnk_83D2598
0x083D25C0	rom	0x208	sUnk_83D25C0
0x083D27C8	rom	0x10	sUnk_83D27C8
0x083D27D8	rom	0x48	sUnk_83D27D8
0x083D2820	rom	0x1EC	sUnk_83D2820
0x083D2A0C	rom	0x10	sUnk_83D2A0C
0x083D2A1C	rom	0x48	sUnk_83D2A1C
0x083D2A64	rom	0x18C	sUnk_83D2A64
0x083D2BF0	rom	0x10	sUnk_83D2BF0
0x083D2C00	rom	0x48	sUnk_83D2C00
0x083D2C48	rom	0x1D4	sUnk_83D2C48
0x083D2E1C	rom	0x10	sUnk_83D2E1C
0x083D2E2C	rom	0x48	sUnk_83D2E2C
0x083D2E74	rom	0x1D4	sUnk_83D2E74
0x083D3048	rom	0x10	sUnk_83D3048
0x083D3058	rom	0x48	sUnk_83D3058
0x083D30A0	rom	0x1D4	sUnk_83D30A0
0x083D3274	rom	0x10	sUnk_83D3274
0x083D3284	rom	0x48	sUnk_83D3284
0x083D32CC	rom	0x3810	sUnk_83D32CC
0x083D6ADC	rom	0x1010	sUnk_83D6ADC
0x083D7AEC	rom	0x9E8	sUnk_83D7AEC
0x083D84D4	rom	0x28	sUnk_83D84D4
0x083D84FC	rom	0x40	sUnk_83D84FC
0x083D853C	rom	0x40	sUnk_83D853C
0x083D857C	rom	0x80	sUnk_83D857C
0x083D85FC	rom	0x48	sUnk_83D85FC
0x083D8644	rom	0x80	sUnk_83D8644
0x083D86C4	rom	0x78	sUnk_83D86C4
0x083D873C	rom	0x394	sUnk_83D873C
0x083D8AD0	rom	0x10	sUnk_83D8AD0
0x083D8AE0	rom	0x40	sUnk_83D8AE0
0x083D8B20	rom	0x20	sUnk_83D8B20
0x083D8B40	rom	0x2AC	sUnk_83D8B40
0x083D8DEC	rom	0x50	sUnk_83D8DEC
0x083D8E3C	rom	0x20	sUnk_83D8E3C
0x083D8E5C	rom	0x40	sUnk_83D8E5C
0x083D8E9C	rom	0x71C	sUnk_83D8E9C
0x083D95B8	rom	0x28	sUnk_83D95B8
0x083D95E0	rom	0x28	sUnk_83D95E0
0x083D9608	rom	0x58	sUnk_83D9608
0x083D9660	rom	0x40	sUnk_83D9660
0x083D96A0	rom	0x28	sUnk_83D96A0
0x083D96C8	rom	0x50	sUnk_83D96C8
0x083D9718	rom	0x7A	sUnk_83D9718
0x083D9792	rom	0x8	sUnk_83D9792
0x083D979A	rom	0x8	sUnk_83D979A
0x083D97A2	rom	0x8	sUnk_83D97A2
0x083D97AA	rom	0x8	sUnk_83D97AA
0x083D97B2	rom	0x8	sUnk_83D97B2
0x083D97BA	rom	0x8	sUnk_83D97BA
0x083D97C2	rom	0x8	sUnk_83D97C2
0x083D97CA	rom	0x8	sUnk_83D97CA
0x083D97D2	rom	0x8	sUnk_83D97D2
0x083D97DA	rom	0xA	sUnk_83D97DA
0x083D97E4	rom	0x10	sUnk_83D97E4
0x083D97F4	rom	0x28	sUnk_83D97F4
0x083D981C	rom	0x10	sUnk_83D981C
0x083D982C	rom	0x10	sUnk_83D982C
0x083D983C	rom	0x10	sUnk_83D983C
0x083D984C	rom	0x10	sUnk_83D984C
0x083D985C	rom	0x10	sUnk_83D985C
0x083D986C	rom	0x10	sUnk_83D986C
0x083D987C	rom	0x10	sUnk_83D987C
0x083D988C	rom	0x10	sUnk_83D988C
0x083D989C	rom	0x10	sUnk_83D989C
0x083D98AC	rom	0xC0	sUnk_83D98AC
0x083D996C	rom	0x28	sUnk_83D996C
0x083D9994	rom	0x108	sUnk_83D9994
0x083D9A9C	rom	0x50	sUnk_83D9A9C
0x083D9AEC	rom	0x10	sUnk_83D9AEC
0x083D9AFC	rom	0x10	sUnk_83D9AFC
0x083D9B0C	rom	0x10	sUnk_83D9B0C
0x083D9B1C	rom	0x20	sUnk_83D9B1C
0x083D9B3C	rom	0x5C	sUnk_83D9B3C
0x083D9B98	rom	0x28	sUnk_83D9B98
0x083D9BC0	rom	0x1AC	sUnk_83D9BC0
0x083D9D6C	rom	0x28	sUnk_83D9D6C
0x083D9D94	rom	0x20	sUnk_83D9D94
0x083D9DB4	rom	0x20	sUnk_83D9DB4
0x083D9DD4	rom	0x28	sUnk_83D9DD4
0x083D9DFC	rom	0x240	sUnk_83D9DFC
0x083DA03C	rom	0x20	sUnk_83DA03C
0x083DA05C	rom	0x20	sUnk_83DA05C
0x083DA07C	rom	0x30	sUnk_83DA07C
0x083DA0AC	rom	0x10	sUnk_83DA0AC
0x083DA0BC	rom	0x10	sUnk_83DA0BC
0x083DA0CC	rom	0x60	sUnk_83DA0CC
0x083DA12C	rom	0x18	sUnk_83DA12C
0x083DA144	rom	0x20	sUnk_83DA144
0x083DA164	rom	0x18	sUnk_83DA164
0x083DA17C	rom	0x10	sUnk_83DA17C
0x083DA18C	rom	0x18	sUnk_83DA18C
0x083DA1A4	rom	0x10	sUnk_83DA1A4
0x083DA1B4	rom	0x20	sUnk_83DA1B4
0x083DA1D4	rom	0x20	sUnk_83DA1D4
0x083DA1F4	rom	0x44	sUnk_83DA1F4
0x083DA238	rom	0x14	sUnk_83DA238
0x083DA24C	rom	0x14	sUnk_83DA24C
0x083DA260	rom	0x14	sUnk_83DA260
0x083DA274	rom	0x14	sUnk_83DA274
0x083DA288	rom	0x14	sUnk_83DA288
0x083DA29C	rom	0x14	sUnk_83DA29C
0x083DA2B0	rom	0x18	sUnk_83DA2B0
0x083DA2C8	rom	0x1C	sUnk_83DA2C8
0x083DA2E4	rom	0xC	sUnk_83DA2E4
0x083DA2F0	rom	0xA	sUnk_83DA2F0
0x083DA2FA	rom	0x38	sUnk_83DA2FA
0x083DA332	rom	0x40	sUnk_83DA332
0x083DA372	rom	0x40	sUnk_83DA372
0x083DA3B2	rom	0x40	sUnk_83DA3B2
0x083DA3F2	rom	0x40	sUnk_83DA3F2
0x083DA432	rom	0x40	sUnk_83DA432
0x083DA472	rom	0x40	sUnk_83DA472
0x083DA4B2	rom	0x40	sUnk_83DA4B2
0x083DA4F2	rom	0x40	sUnk_83DA4F2
0x083DA532	rom	0x40	sUnk_83DA532
0x083DA572	rom	0x40	sUnk_83DA572
0x083DA5B2	rom	0x40	sUnk_83DA5B2
0x083DA5F2	rom	0x40	sUnk_83DA5F2
0x083DA632	rom	0xE0	sUnk_83DA632
0x083DA712	rom	0x18	sUnk_83DA712
0x083DA72A	rom	0x48	sUnk_83DA72A
0x083DA772	rom	0x4A	sUnk_83DA772
0x083DA7BC	rom	0x38	sUnk_83DA7BC
0x083DA7F4	rom	0x4A	sUnk_83DA7F4
0x083DA83E	rom	0x122	sUnk_83DA83E
0x083DA960	rom	0x72	sUnk_83DA960
0x083DA9D2	rom	0x156	sUnk_83DA9D2
0x083DAB28	rom	0x18	sUnk_83DAB28
0x083DAB40	rom	0x60	sUnk_83DAB40
0x083DABA0	rom	0x10	sUnk_83DABA0
0x083DABB0	rom	0x18	sUnk_83DABB0
0x083DABC8	rom	0xF8	sUnk_83DABC8
0x083DACC0	rom	0x68	sUnk_83DACC0
0x083DAD28	rom	0x20	sUnk_83DAD28
0x083DAD48	rom	0x20	sUnk_83DAD48
0x083DAD68	rom	0x40	sUnk_83DAD68
0x083DADA8	rom	0x48	sUnk_83DADA8
0x083DADF0	rom	0x48	sUnk_83DADF0
0x083DAE38	rom	0x18	sUnk_83DAE38
0x083DAE50	rom	0x28	sUnk_83DAE50
0x083DAE78	rom	0x88	sUnk_83DAE78
0x083DAF00	rom	0x1B0	sUnk_83DAF00
0x083DB0B0	rom	0x38	sUnk_83DB0B0
0x083DB0E8	rom	0x28	sUnk_83DB0E8
0x083DB110	rom	0x294	sUnk_83DB110
0x083DB3A4	rom	0x10	sUnk_83DB3A4
0x083DB3B4	rom	0x38	sUnk_83DB3B4
0x083DB3EC	rom	0x10	sUnk_83DB3EC
0x083DB3FC	rom	0x40	sUnk_83DB3FC
0x083DB43C	rom	0x50	sUnk_83DB43C
0x083DB48C	rom	0x10	sUnk_83DB48C
0x083DB49C	rom	0x10	sUnk_83DB49C
0x083DB4AC	rom	0x10	sUnk_83DB4AC
0x083DB4BC	rom	0x18	sUnk_83DB4BC
0x083DB4D4	rom	0x10	sUnk_83DB4D4
0x083DB4E4	rom	0xA4	sUnk_83DB4E4
0x083DB588	rom	0x20	sUnk_83DB588
0x083DB5A8	rom	0x20	sUnk_83DB5A8
0x083DB5C8	rom	0x20	sUnk_83DB5C8
0x083DB5E8	rom	0x28	sUnk_83DB5E8
0x083DB610	rom	0x200	sUnk_83DB610
0x083DB810	rom	0x200	sUnk_83DB810
0x083DBA10	rom	0x24	sUnk_83DBA10
0x083DBA34	rom	0x2C	sUnk_83DBA34
0x083DBA60	rom	0x10	sUnk_83DBA60
0x083DBA70	rom	0x72	sUnk_83DBA70
0x083DBAE2	rom	0x80	sUnk_83DBAE2
0x083DBB62	rom	0x80	sUnk_83DBB62
0x083DBBE2	rom	0x26	sUnk_83DBBE2
0x083DBC08	rom	0x2A	sUnk_83DBC08
0x083DBC32	rom	0x20	sUnk_83DBC32
0x083DBC52	rom	0x16	sUnk_83DBC52
0x083DBC68	rom	0x5FC	sUnk_83DBC68
0x083DC264	rom	0x28	sUnk_83DC264
0x083DC28C	rom	0xD0	sUnk_83DC28C
0x083DC35C	rom	0x38	sUnk_83DC35C
0x083DC394	rom	0x38	sUnk_83DC394
0x083DC3CC	rom	0x50	sUnk_83DC3CC
0x083DC41C	rom	0x28	sUnk_83DC41C
0x083DC444	rom	0x32C	sUnk_83DC444
0x083DC770	rom	0x28	sUnk_83DC770
0x083DC798	rom	0x28	sUnk_83DC798
0x083DC7C0	rom	0x58	sUnk_83DC7C0
0x083DC818	rom	0x10	sUnk_83DC818
0x083DC828	rom	0x58	sUnk_83DC828
0x083DC880	rom	0x18	sUnk_83DC880
0x083DC898	rom	0x58	sUnk_83DC898
0x083DC8F0	rom	0x10	sUnk_83DC8F0
0x083DC900	rom	0x28	sUnk_83DC900
0x083DC928	rom	0x20	sUnk_83DC928
0x083DC948	rom	0x28	sUnk_83DC948
0x083DC970	rom	0x30	sUnk_83DC970
0x083DC9A0	rom	0x28	sUnk_83DC9A0
0x083DC9C8	rom	0x18	sUnk_83DC9C8
0x083DC9E0	rom	0x2DC	sUnk_83DC9E0
0x083DCCBC	rom	0x28	sUnk_83DCCBC
0x083DCCE4	rom	0x48	sUnk_83DCCE4
0x083DCD2C	rom	0x48	sUnk_83DCD2C
0x083DCD74	rom	0x68	sUnk_83DCD74
0x083DCDDC	rom	0x62	sUnk_83DCDDC
0x083DCE3E	rom	0x506	sUnk_83DCE3E
0x083DD344	rom	0x28	sUnk_83DD344
0x083DD36C	rom	0x28	sUnk_83DD36C
0x083DD394	rom	0x18	sUnk_83DD394
0x083DD3AC	rom	0x18	sUnk_83DD3AC
0x083DD3C4	rom	0x78	sUnk_83DD3C4
0x083DD43C	rom	0x28	sUnk_83DD43C
0x083DD464	rom	0x38	sUnk_83DD464
0x083DD49C	rom	0x30	sUnk_83DD49C
0x083DD4CC	rom	0x10	sUnk_83DD4CC
0x083DD4DC	rom	0xB8	sUnk_83DD4DC
0x083DD594	rom	0x48	sUnk_83DD594
0x083DD5DC	rom	0x18	sUnk_83DD5DC
0x083DD5F4	rom	0x64	sUnk_83DD5F4
0x083DD658	rom	0x10	sUnk_83DD658
0x083DD668	rom	0x10	sUnk_83DD668
0x083DD678	rom	0xA8	sUnk_83DD678
0x083DD720	rom	0x10	sUnk_83DD720
0x083DD730	rom	0x28	sUnk_83DD730
0x083DD758	rom	0x3BC	sUnk_83DD758
0x083DDB14	rom	0x68	sUnk_83DDB14
0x083DDB7C	rom	0x38	sUnk_83DDB7C
0x083DDBB4	rom	0x68	sUnk_83DDBB4
0x083DDC1C	rom	0x18	sUnk_83DDC1C
0x083DDC34	rom	0x2CC	sUnk_83DDC34
0x083DDF00	rom	0xB0	sUnk_83DDF00
0x083DDFB0	rom	0x78	sUnk_83DDFB0
0x083DE028	rom	0xB8	sUnk_83DE028
0x083DE0E0	rom	0x138	sUnk_83DE0E0
0x083DE218	rom	0x28	sUnk_83DE218
0x083DE240	rom	0x68	sUnk_83DE240
0x083DE2A8	rom	0x68	sUnk_83DE2A8
0x083DE310	rom	0x10	sUnk_83DE310
0x083DE320	rom	0x178	sUnk_83DE320
0x083DE498	rom	0x90	sUnk_83DE498
0x083DE528	rom	0x58	sUnk_83DE528
0x083DE580	rom	0x10	sUnk_83DE580
0x083DE590	rom	0xB20	sUnk_83DE590
0x083DF0B0	rom	0x10	sUnk_83DF0B0
0x083DF0C0	rom	0x10	sUnk_83DF0C0
0x083DF0D0	rom	0x38	sUnk_83DF0D0
0x083DF108	rom	0x170	sUnk_83DF108
0x083DF278	rom	0x58	sUnk_83DF278
0x083DF2D0	rom	0x454	sUnk_83DF2D0
0x083DF724	rom	0x30	sUnk_83DF724
0x083DF754	rom	0x28	sUnk_83DF754
0x083DF77C	rom	0x38	sUnk_83DF77C
0x083DF7B4	rom	0x58	sUnk_83DF7B4
0x083DF80C	rom	0x13C	sUnk_83DF80C
0x083DF948	rom	0x50	sUnk_83DF948
0x083DF998	rom	0x10	sUnk_83DF998
0x083DF9A8	rom	0x10	sUnk_83DF9A8
0x083DF9B8	rom	0x10	sUnk_83DF9B8
0x083DF9C8	rom	0x10	sUnk_83DF9C8
0x083DF9D8	rom	0x10	sUnk_83DF9D8
0x083DF9E8	rom	0x50	sUnk_83DF9E8
0x083DFA38	rom	0x10	sUnk_83DFA38
0x083DFA48	rom	0x10	sUnk_83DFA48
0x083DFA58	rom	0x10	sUnk_83DFA58
0x083DFA68	rom	0x10	sUnk_83DFA68
0x083DFA78	rom	0x10	sUnk_83DFA78
0x083DFA88	rom	0x10	sUnk_83DFA88
0x083DFA98	rom	0x10	sUnk_83DFA98
0x083DFAA8	rom	0xC8	sUnk_83DFAA8
0x083DFB70	rom	0x28	sUnk_83DFB70
0x083DFB98	rom	0x138	sUnk_83DFB98
0x083DFCD0	rom	0x40	sUnk_83DFCD0
0x083DFD10	rom	0x8	sUnk_83DFD10
0x083DFD18	rom	0x10	sUnk_83DFD18
0x083DFD28	rom	0x14	sUnk_83DFD28
0x083DFD3C	rom	0x2C	sUnk_83DFD3C
0x083DFD68	rom	0x24	sUnk_83DFD68
0x083DFD8C	rom	0x10	sUnk_83DFD8C
0x083DFD9C	rom	0x8	sUnk_83DFD9C
0x083DFDA4	rom	0x8	sUnk_83DFDA4
0x083DFDAC	rom	0x20	sUnk_83DFDAC
0x083DFDCC	rom	0x102	sUnk_83DFDCC
0x083DFECE	rom	0x102	sUnk_83DFECE
0x083DFFD0	rom	0x72	sUnk_83DFFD0
0x083E0042	rom	0xD4	sUnk_83E0042
0x083E0116	rom	0x142	sUnk_83E0116
0x083E0258	rom	0x32	sUnk_83E0258
0x083E028A	rom	0xE2	sUnk_83E028A
0x083E036C	rom	0x52	sUnk_83E036C
0x083E03BE	rom	0x52	sUnk_83E03BE
0x083E0410	rom	0x52	sUnk_83E0410
0x083E0462	rom	0x62	sUnk_83E0462
0x083E04C4	rom	0x62	sUnk_83E04C4
0x083E0526	rom	0x92	sUnk_83E0526
0x083E05B8	rom	0x7B0	sUnk_83E05B8
0x083E0D68	rom	0x58	sUnk_83E0D68
0x083E0DC0	rom	0x58	sUnk_83E0DC0
0x083E0E18	rom	0x20	sUnk_83E0E18
0x083E0E38	rom	0x18	sUnk_83E0E38
0x083E0E50	rom	0x88	sUnk_83E0E50
0x083E0ED8	rom	0x30	sUnk_83E0ED8
0x083E0F08	rom	0x58	sUnk_83E0F08
0x083E0F60	rom	0x20	sUnk_83E0F60
0x083E0F80	rom	0x20	sUnk_83E0F80
0x083E0FA0	rom	0x20	sUnk_83E0FA0
0x083E0FC0	rom	0x20	sUnk_83E0FC0
0x083E0FE0	rom	0x18	sUnk_83E0FE0
0x083E0FF8	rom	0x18	sUnk_83E0FF8
0x083E1010	rom	0x640	sUnk_83E1010
0x083E1650	rom	0x58	sUnk_83E1650
0x083E16A8	rom	0x30	sUnk_83E16A8
0x083E16D8	rom	0x30	sUnk_83E16D8
0x083E1708	rom	0x30	sUnk_83E1708
0x083E1738	rom	0x58	sUnk_83E1738
0x083E1790	rom	0x20	sUnk_83E1790
0x083E17B0	rom	0x68	sUnk_83E17B0
0x083E1818	rom	0x18	sUnk_83E1818
0x083E1830	rom	0x20	sUnk_83E1830
0x083E1850	rom	0x20	sUnk_83E1850
0x083E1870	rom	0x30	sUnk_83E1870
0x083E18A0	rom	0x30	sUnk_83E18A0
0x083E18D0	rom	0x18	sUnk_83E18D0
0x083E18E8	rom	0x18	sUnk_83E18E8
0x083E1900	rom	0x630	sUnk_83E1900
0x083E1F30	rom	0x38	sUnk_83E1F30
0x083E1F68	rom	0x38	sUnk_83E1F68
0x083E1FA0	rom	0x48	sUnk_83E1FA0
0x083E1FE8	rom	0x38	sUnk_83E1FE8
0x083E2020	rom	0x48	sUnk_83E2020
0x083E2068	rom	0x20	sUnk_83E2068
0x083E2088	rom	0x38	sUnk_83E2088
0x083E20C0	rom	0x38	sUnk_83E20C0
0x083E20F8	rom	0x38	sUnk_83E20F8
0x083E2130	rom	0x20	sUnk_83E2130
0x083E2150	rom	0x58	sUnk_83E2150
0x083E21A8	rom	0x18	sUnk_83E21A8
0x083E21C0	rom	0x10	sUnk_83E21C0
0x083E21D0	rom	0x20	sUnk_83E21D0
0x083E21F0	rom	0x18	sUnk_83E21F0
0x083E2208	rom	0x30	sUnk_83E2208
0x083E2238	rom	0x90	sUnk_83E2238
0x083E22C8	rom	0x384	sUnk_83E22C8
0x083E264C	rom	0x10	sUnk_83E264C
0x083E265C	rom	0x18	sUnk_83E265C
0x083E2674	rom	0x28	sUnk_83E2674
0x083E269C	rom	0x48	sUnk_83E269C
0x083E26E4	rom	0x30	sUnk_83E26E4
0x083E2714	rom	0x20	sUnk_83E2714
0x083E2734	rom	0x20	sUnk_83E2734
0x083E2754	rom	0x18	sUnk_83E2754
0x083E276C	rom	0x20	sUnk_83E276C
0x083E278C	rom	0x10	sUnk_83E278C
0x083E279C	rom	0x18	sUnk_83E279C
0x083E27B4	rom	0x258	sUnk_83E27B4
0x083E2A0C	rom	0x20	sUnk_83E2A0C
0x083E2A2C	rom	0x40	sUnk_83E2A2C
0x083E2A6C	rom	0x80	sUnk_83E2A6C
0x083E2AEC	rom	0x70	sUnk_83E2AEC
0x083E2B5C	rom	0x30	sUnk_83E2B5C
0x083E2B8C	rom	0xCEC	sUnk_83E2B8C
0x083E3878	rom	0x68	sUnk_83E3878
0x083E38E0	rom	0x68	sUnk_83E38E0
0x083E3948	rom	0x28	sUnk_83E3948
0x083E3970	rom	0x30	sUnk_83E3970
0x083E39A0	rom	0x58	sUnk_83E39A0
0x083E39F8	rom	0x60	sUnk_83E39F8
0x083E3A58	rom	0x68	sUnk_83E3A58
0x083E3AC0	rom	0x28	sUnk_83E3AC0
0x083E3AE8	rom	0x38	sUnk_83E3AE8
0x083E3B20	rom	0x20	sUnk_83E3B20
0x083E3B40	rom	0x38	sUnk_83E3B40
0x083E3B78	rom	0xA78	sUnk_83E3B78
0x083E45F0	rom	0x188	sUnk_83E45F0
0x083E4778	rom	0x18	sUnk_83E4778
0x083E4790	rom	0x18	sUnk_83E4790
0x083E47A8	rom	0x70	sUnk_83E47A8
0x083E4818	rom	0x9470	sUnk_83E4818
0x083EDC88	rom	0x400	sUnk_83EDC88
0x083EE088	rom	0x400	sUnk_83EE088
0x083EE488	rom	0x400	sUnk_83EE488
0x083EE888	rom	0x420	sUnk_83EE888
0x083EECA8	rom	0x10	sUnk_83EECA8
0x083EECB8	rom	0x20	sUnk_83EECB8
0x083EECD8	rom	0x8C	sUnk_83EECD8
0x083EED64	rom	0x10	sUnk_83EED64
0x083EED74	rom	0x558	sUnk_83EED74
0x083EF2CC	rom	0x28	sUnk_83EF2CC
0x083EF2F4	rom	0x20	sUnk_83EF2F4
0x083EF314	rom	0x28	sUnk_83EF314
0x083EF33C	rom	0x28	sUnk_83EF33C
0x083EF364	rom	0x10	sUnk_83EF364
0x083EF374	rom	0x1AC	sUnk_83EF374
0x083EF520	rom	0x250	sUnk_83EF520
0x083EF770	rom	0x10	sUnk_83EF770
0x083EF780	rom	0x10	sUnk_83EF780
0x083EF790	rom	0x50	sUnk_83EF790
0x083EF7E0	rom	0x28	sUnk_83EF7E0
0x083EF808	rom	0x28	sUnk_83EF808
0x083EF830	rom	0x20	sUnk_83EF830
0x083EF850	rom	0xA0	sUnk_83EF850
0x083EF8F0	rom	0x10	sUnk_83EF8F0
0x083EF900	rom	0x18	sUnk_83EF900
0x083EF918	rom	0x50	sUnk_83EF918
0x083EF968	rom	0x18	sUnk_83EF968
0x083EF980	rom	0x18	sUnk_83EF980
0x083EF998	rom	0x18	sUnk_83EF998
0x083EF9B0	rom	0x18	sUnk_83EF9B0
0x083EF9C8	rom	0x18	sUnk_83EF9C8
0x083EF9E0	rom	0x10	sUnk_83EF9E0
0x083EF9F0	rom	0x28	sUnk_83EF9F0
0x083EFA18	rom	0x4F0	sUnk_83EFA18
0x083EFF08	rom	0x38	sUnk_83EFF08
0x083EFF40	rom	0x6C	sUnk_83EFF40
0x083EFFAC	rom	0x310	sUnk_83EFFAC
0x083F02BC	rom	0x30	sUnk_83F02BC
0x083F02EC	rom	0x30	sUnk_83F02EC
0x083F031C	rom	0x30	sUnk_83F031C
0x083F034C	rom	0x30	sUnk_83F034C
0x083F037C	rom	0xC	sUnk_83F037C
0x083F0388	rom	0x34	sUnk_83F0388
0x083F03BC	rom	0xC	sUnk_83F03BC
0x083F03C8	rom	0xC	sUnk_83F03C8
0x083F03D4	rom	0xC	sUnk_83F03D4
0x083F03E0	rom	0x2C	sUnk_83F03E0
0x083F040C	rom	0x8	sUnk_83F040C
0x083F0414	rom	0x8C	sUnk_83F0414
0x083F04A0	rom	0x34	sUnk_83F04A0
0x083F04D4	rom	0x40	sUnk_83F04D4
0x083F0514	rom	0x22	sUnk_83F0514
0x083F0536	rom	0x62	sUnk_83F0536
0x083F0598	rom	0xC2	sUnk_83F0598
0x083F065A	rom	0x30	sUnk_83F065A
0x083F068A	rom	0x40	sUnk_83F068A
0x083F06CA	rom	0x1C	sUnk_83F06CA
0x083F06E6	rom	0x52	sUnk_83F06E6
0x083F0738	rom	0x7A	sUnk_83F0738
0x083F07B2	rom	0x22	sUnk_83F07B2
0x083F07D4	rom	0xB2	sUnk_83F07D4
0x083F0886	rom	0xB2	sUnk_83F0886
0x083F0938	rom	0x32	sUnk_83F0938
0x083F096A	rom	0x4E2	sUnk_83F096A
0x083F0E4C	rom	0x18	sUnk_83F0E4C
0x083F0E64	rom	0x88	sUnk_83F0E64
0x083F0EEC	rom	0x18	sUnk_83F0EEC
0x083F0F04	rom	0x180	sUnk_83F0F04
0x083F1084	rom	0x1A8	sUnk_83F1084
0x083F122C	rom	0x10	sUnk_83F122C
0x083F123C	rom	0x80	sUnk_83F123C
0x083F12BC	rom	0x70	sUnk_83F12BC
0x083F132C	rom	0x774	sUnk_83F132C
0x083F1AA0	rom	0x38	sUnk_83F1AA0
0x083F1AD8	rom	0x18	sUnk_83F1AD8
0x083F1AF0	rom	0x40	sUnk_83F1AF0
0x083F1B30	rom	0x48	sUnk_83F1B30
0x083F1B78	rom	0x48	sUnk_83F1B78
0x083F1BC0	rom	0x18	sUnk_83F1BC0
0x083F1BD8	rom	0x28	sUnk_83F1BD8
0x083F1C00	rom	0x110	sUnk_83F1C00
0x083F1D10	rom	0x28	sUnk_83F1D10
0x083F1D38	rom	0x28	sUnk_83F1D38
0x083F1D60	rom	0xC8	sUnk_83F1D60
0x083F1E28	rom	0x58	sUnk_83F1E28
0x083F1E80	rom	0x1A0	sUnk_83F1E80
0x083F2020	rom	0x220	sUnk_83F2020
0x083F2240	rom	0x58	sUnk_83F2240
0x083F2298	rom	0x5588	sUnk_83F2298
0x083F7820	rom	0x8	sUnk_83F7820
0x083F7828	rom	0x870	sUnk_83F7828
0x083F8098	rom	0xB80	sUnk_83F8098
0x083F8C18	rom	0x5C0	sUnk_83F8C18
0x083F91D8	rom	0xB8C	sUnk_83F91D8
0x083FA838	rom	0x15B8	sUnk_83FA838
0x083FBDF0	rom	0x16B8	sUnk_83FBDF0
0x083FD4A8	rom	0x2A7	sUnk_83FD4A8
0x083FD74F	rom	0x2DD	sUnk_83FD74F
0x0840F1C8	rom	0x38	sUnk_840F1C8
0x0840F200	rom	0x14	sUnk_840F200
0x0840F214	rom	0x34	sUnk_840F214
0x0840F248	rom	0x10	sUnk_840F248
0x0840F258	rom	0x10	sUnk_840F258
0x0840F268	rom	0x10	sUnk_840F268
0x0840F278	rom	0x10	sUnk_840F278
0x0840F288	rom	0x84C	sUnk_840F288
0x0840FAD4	rom	0xC0	sUnk_840FAD4
0x0840FB94	rom	0xE8	sUnk_840FB94
0x0840FC7C	rom	0x1F8	sUnk_840FC7C
0x0840FE74	rom	0x30	sUnk_840FE74
0x0840FEA4	rom	0x108	sUnk_840FEA4
0x0840FFAC	rom	0x60	sUnk_840FFAC
0x0841000C	rom	0x478	sUnk_841000C
0x08410484	rom	0x60	sUnk_8410484
0x084104E4	rom	0x60	sUnk_84104E4
0x08410544	rom	0x60	sUnk_8410544
0x084105A4	rom	0x450	sUnk_84105A4
0x084109F4	rom	0x60	sUnk_84109F4
0x08410A54	rom	0x60	sUnk_8410A54
0x08410AB4	rom	0x60	sUnk_8410AB4
0x08410B14	rom	0x27C	sUnk_8410B14
0x08410D90	rom	0x70	sUnk_8410D90
0x08410E00	rom	0x2B8	sUnk_8410E00
0x084110B8	rom	0x70	sUnk_84110B8
0x08411128	rom	0x504	sUnk_8411128
0x0841162C	rom	0xB0	sUnk_841162C
0x084116DC	rom	0x210	sUnk_84116DC
0x084118EC	rom	0xA8	sUnk_84118EC
0x08411994	rom	0xB8	sUnk_8411994
0x08411A4C	rom	0xB0	sUnk_8411A4C
0x08411AFC	rom	0x4C	sUnk_8411AFC
0x08411B48	rom	0x4C	sUnk_8411B48
0x08411B94	rom	0x4C	sUnk_8411B94
0x08411BE0	rom	0x4C	sUnk_8411BE0
0x08411C2C	rom	0x4C	sUnk_8411C2C
0x08411C78	rom	0x4C	sUnk_8411C78
0x08411CC4	rom	0x4C	sUnk_8411CC4
0x08411D10	rom	0x4C	sUnk_8411D10
0x08411D5C	rom	0x4C	sUnk_8411D5C
0x08411DA8	rom	0x4C	sUnk_8411DA8
0x08411DF4	rom	0x4C	sUnk_8411DF4
0x08411E40	rom	0x4C	sUnk_8411E40
0x08411E8C	rom	0x4C	sUnk_8411E8C
0x08411ED8	rom	0x4C	sUnk_8411ED8
0x08411F24	rom	0x4C	sUnk_8411F24
0x08411F70	rom	0x4C	sUnk_8411F70
0x08411FBC	rom	0x26	sUnk_8411FBC
0x08411FE2	rom	0x8	sUnk_8411FE2
0x08411FEA	rom	0xE	sUnk_8411FEA
0x08411FF8	rom	0xE	sUnk_8411FF8
0x08412006	rom	0xE	sUnk_8412006
0x08412014	rom	0xE	sUnk_8412014
0x08412022	rom	0xE	sUnk_8412022
0x08412030	rom	0xE	sUnk_8412030
0x0841203E	rom	0xE	sUnk_841203E
0x0841204C	rom	0xE	sUnk_841204C
0x0841205A	rom	0x26	sUnk_841205A
0x08412080	rom	0x3F8	sUnk_8412080
0x08412478	rom	0x60	sUnk_8412478
0x084124D8	rom	0x60	sUnk_84124D8
0x08412538	rom	0x60	sUnk_8412538
0x08412598	rom	0x450	sUnk_8412598
0x084129E8	rom	0x60	sUnk_84129E8
0x08412A48	rom	0x60	sUnk_8412A48
0x08412AA8	rom	0x60	sUnk_8412AA8
0x08412B08	rom	0x27C	sUnk_8412B08
0x08412D84	rom	0x70	sUnk_8412D84
0x08412DF4	rom	0x388	sUnk_8412DF4
0x0841317C	rom	0x70	sUnk_841317C
0x084131EC	rom	0x538	sUnk_84131EC
0x08413724	rom	0x60	sUnk_8413724
0x08413784	rom	0x60	sUnk_8413784
0x084137E4	rom	0x60	sUnk_84137E4
0x08413844	rom	0x450	sUnk_8413844
0x08413C94	rom	0x60	sUnk_8413C94
0x08413CF4	rom	0x60	sUnk_8413CF4
0x08413D54	rom	0x60	sUnk_8413D54
0x08413DB4	rom	0x27C	sUnk_8413DB4
0x08414030	rom	0x70	sUnk_8414030
0x084140A0	rom	0x388	sUnk_84140A0
0x08414428	rom	0x70	sUnk_8414428
0x08414498	rom	0x17C	sUnk_8414498
0x08414614	rom	0x28	sUnk_8414614
0x0841463C	rom	0x1E8	sUnk_841463C
0x08414824	rom	0x68	sUnk_8414824
0x0841488C	rom	0x10	sUnk_841488C
0x0841489C	rom	0xE0	sUnk_841489C
0x0841497C	rom	0x90	sUnk_841497C
0x08414A0C	rom	0x10	sUnk_8414A0C
0x08414A1C	rom	0x10	sUnk_8414A1C
0x08414A2C	rom	0x10	sUnk_8414A2C
0x08414A3C	rom	0x10	sUnk_8414A3C
0x08414A4C	rom	0x8	sUnk_8414A4C
0x08414A54	rom	0x8	sUnk_8414A54
0x08414A5C	rom	0x8	sUnk_8414A5C
0x08414A64	rom	0x20	sStageEntryPassagePal
0x08414A84	rom	0x20	sStageEmeraldPassagePal
0x08414AA4	rom	0x20	sStageRubyPassagePal
0x08414AC4	rom	0x20	sStageTopazPassagePal
0x08414AE4	rom	0x20	sStageSapphirePassagePal
0x08414B04	rom	0x20	sStageGoldenPyramidPal
0x08414B24	rom	0x140	sBossLife20Gfx
0x08414C64	rom	0x140	sBossLife19Gfx
0x08414DA4	rom	0x140	sBossLife18Gfx
0x08414EE4	rom	0x140	sBossLife17Gfx
0x08415024	rom	0x140	sBossLife16Gfx
0x08415164	rom	0x140	sBossLife15Gfx
0x084152A4	rom	0x140	sBossLife14Gfx
0x084153E4	rom	0x140	sBossLife13Gfx
0x08415524	rom	0x140	sBossLife12Gfx
0x08415664	rom	0x140	sBossLife11Gfx
0x084157A4	rom	0x140	sBossLife10Gfx
0x084158E4	rom	0x140	sBossLife9Gfx
0x08415A24	rom	0x140	sBossLife8Gfx
0x08415B64	rom	0x140	sBossLife7Gfx
0x08415CA4	rom	0x140	sBossLife6Gfx
0x08415DE4	rom	0x140	sBossLife5Gfx
0x08415F24	rom	0x140	sBossLife4Gfx
0x08416064	rom	0x140	sBossLife3Gfx
0x084161A4	rom	0x140	sBossLife2Gfx
0x084162E4	rom	0x140	sBossLife1Gfx
0x08416424	rom	0x140	sBossLife0Gfx
0x08416564	rom	0x40	sBigBoardSpaceSpriteTable
0x084165A4	rom	0x50	sBigBoardSpaces
0x084165F4	rom	0x80	sUnk_84165F4
0x08416674	rom	0x80	sUnk_8416674
0x084166F4	rom	0x80	sUnk_84166F4
0x08416774	rom	0x40	sUnk_8416774
0x084167B4	rom	0x80	sUnk_84167B4
0x08416834	rom	0x80	sUnk_8416834
0x084168B4	rom	0x152	sUnk_84168B4
0x08416A06	rom	0x40	sUnk_8416A06
0x08416A46	rom	0x42	sUnk_8416A46
0x08416A88	rom	0x1C	sUnk_8416A88
0x08416AA4	rom	0x138378	sUnk_8416AA4
0x0854EE1C	rom	0x3EC60	sUnk_854EE1C
0x0858DA7C	rom	0xAB5EC	sUnk_858DA7C
0x08639068	rom	0x15C	sUnk_8639068
0x086391C4	rom	0xA8	sUnk_86391C4
0x0863926C	rom	0x1C	sUnk_863926C
0x08639288	rom	0x1C	sUnk_8639288
0x086392A4	rom	0x1C	sUnk_86392A4
0x086392C0	rom	0x10	sUnk_86392C0
0x086392D0	rom	0x150	sUnk_86392D0
0x08639420	rom	0x70	sUnk_8639420
0x08639490	rom	0x38	sUnk_8639490
0x086394C8	rom	0x38	sUnk_86394C8
0x08639500	rom	0x10	sUnk_8639500
0x08639510	rom	0xC	sUnk_8639510
0x0863951C	rom	0xC	sUnk_863951C
0x08639528	rom	0xC	sUnk_8639528
0x08639534	rom	0x1C	sUnk_8639534
0x08639550	rom	0x1C	sUnk_8639550
0x0863956C	rom	0x1C	sUnk_863956C
0x08639588	rom	0x1C	sUnk_8639588
0x086395A4	rom	0x10	sUnk_86395A4
0x086395B4	rom	0x10	sUnk_86395B4
0x086395C4	rom	0x1C	sUnk_86395C4
0x086395E0	rom	0x1C	sUnk_86395E0
0x086395FC	rom	0x1C	sUnk_86395FC
0x08639618	rom	0x1C	sUnk_8639618
0x08639634	rom	0x2E	sUnk_8639634
0x08639662	rom	0x2E	sUnk_8639662
0x08639690	rom	0x24	sUnk_8639690
0x086396B4	rom	0x1C	sUnk_86396B4
0x086396D0	rom	0xC4	sUnk_86396D0
0x08639794	rom	0x18	sUnk_8639794
0x086397AC	rom	0x18	sUnk_86397AC
0x086397C4	rom	0x10	sUnk_86397C4
0x086397D4	rom	0x10	sUnk_86397D4
0x086397E4	rom	0x50	sUnk_86397E4
0x08639834	rom	0x50	sUnk_8639834
0x08639884	rom	0x120	sUnk_8639884
0x086399A4	rom	0x120	sUnk_86399A4
0x08639AC4	rom	0x18	sUnk_8639AC4
0x08639ADC	rom	0x18	sUnk_8639ADC
0x08639AF4	rom	0x30	sUnk_8639AF4
0x08639B24	rom	0x10	sUnk_8639B24
0x08639B34	rom	0x116	sUnk_8639B34
0x08639C4A	rom	0x22C	sUnk_8639C4A
0x08639E76	rom	0x22E	sUnk_8639E76
0x0863A0A4	rom	0x1C	sUnk_863A0A4
0x0863A0C0	rom	0x1C	sUnk_863A0C0
0x0863A0DC	rom	0xA8	sUnk_863A0DC
0x0863A184	rom	0xA8	sUnk_863A184
0x0863A22C	rom	0x18	sUnk_863A22C
0x0863A244	rom	0x18	sUnk_863A244
0x0863A25C	rom	0x60	sUnk_863A25C
0x0863A2BC	rom	0x18	sUnk_863A2BC
0x0863A2D4	rom	0x18	sUnk_863A2D4
0x0863A2EC	rom	0x30	sUnk_863A2EC
0x0863A31C	rom	0x90	sUnk_863A31C
0x0863A3AC	rom	0x90	sUnk_863A3AC
0x0863A43C	rom	0x40	sUnk_863A43C
0x0863A47C	rom	0x14	sUnk_863A47C
0x0863A490	rom	0x8	sUnk_863A490
0x0863A498	rom	0x14	sUnk_863A498
0x0863A4AC	rom	0x18	sUnk_863A4AC
0x0863A4C4	rom	0x18	sUnk_863A4C4
0x0863A4DC	rom	0x18	sUnk_863A4DC
0x0863A4F4	rom	0x14	sUnk_863A4F4
0x0863A508	rom	0x14	sUnk_863A508
0x0863A51C	rom	0x18	sUnk_863A51C
0x0863A534	rom	0x18	sUnk_863A534
0x0863A54C	rom	0x82	sUnk_863A54C
0x0863A5CE	rom	0x82	sUnk_863A5CE
0x0863A650	rom	0x82	sUnk_863A650
0x0863A6D2	rom	0x9F	sUnk_863A6D2
0x0863A771	rom	0x9F	sUnk_863A771
0x0863A810	rom	0x13E	sUnk_863A810
0x0863A94E	rom	0x140	sUnk_863A94E
0x0863AA8E	rom	0x140	sUnk_863AA8E
0x0863ABCE	rom	0x140	sUnk_863ABCE
0x0863AD0E	rom	0xA	sUnk_863AD0E
0x0863AD18	rom	0xA	sUnk_863AD18
0x0863AD22	rom	0x5	sUnk_863AD22
0x0863AD27	rom	0x4	sUnk_863AD27
0x0863AD2B	rom	0x14	sUnk_863AD2B
0x0863AD3F	rom	0x14	sUnk_863AD3F
0x0863AD53	rom	0x5	sUnk_863AD53
0x0863AD58	rom	0xB	sUnk_863AD58
0x0863AD63	rom	0xB	sUnk_863AD63
0x0863AD6E	rom	0xB8	sUnk_863AD6E
0x0863AE26	rom	0xB8	sUnk_863AE26
0x0863AEDE	rom	0xB8	sUnk_863AEDE
0x0863AF96	rom	0xB8	sUnk_863AF96
0x0863B04E	rom	0xB8	sUnk_863B04E
0x0863B106	rom	0xB8	sUnk_863B106
0x0863B1BE	rom	0x90	sUnk_863B1BE
0x0863B24E	rom	0x90	sUnk_863B24E
0x0863B2DE	rom	0x90	sUnk_863B2DE
0x0863B36E	rom	0x90	sUnk_863B36E
0x0863B3FE	rom	0x90	sUnk_863B3FE
0x0863B48E	rom	0x90	sUnk_863B48E
0x0863B51E	rom	0xB8	sUnk_863B51E
0x0863B5D6	rom	0xB8	sUnk_863B5D6
0x0863B68E	rom	0xB8	sUnk_863B68E
0x0863B746	rom	0xB8	sUnk_863B746
0x0863B7FE	rom	0xB8	sUnk_863B7FE
0x0863B8B6	rom	0xB8	sUnk_863B8B6
0x0863B96E	rom	0x90	sUnk_863B96E
0x0863B9FE	rom	0x90	sUnk_863B9FE
0x0863BA8E	rom	0xB8	sUnk_863BA8E
0x0863BB46	rom	0xBA	sUnk_863BB46
0x0863BC00	rom	0x10	sUnk_863BC00
0x0863BC10	rom	0x10	sUnk_863BC10
0x0863BC20	rom	0x2C	sUnk_863BC20
0x0863BC4C	rom	0xC	sUnk_863BC4C
0x0863BC58	rom	0xC	sUnk_863BC58
0x0863BC64	rom	0xC	sUnk_863BC64
0x0863BC70	rom	0xC	sUnk_863BC70
0x0863BC7C	rom	0x7C	sUnk_863BC7C
0x0863BCF8	rom	0x13E	sUnk_863BCF8
0x0863BE36	rom	0x27C	sUnk_863BE36
0x0863C0B2	rom	0x27E	sUnk_863C0B2
0x0863C330	rom	0x18	sUnk_863C330
0x0863C348	rom	0x18	sUnk_863C348
0x0863C360	rom	0x18	sUnk_863C360
0x0863C378	rom	0x18	sUnk_863C378
0x0863C390	rom	0x18	sUnk_863C390
0x0863C3A8	rom	0x2C	sUnk_863C3A8
0x0863C3D4	rom	0x18	sUnk_863C3D4
0x0863C3EC	rom	0x18	sUnk_863C3EC
0x0863C404	rom	0x18	sUnk_863C404
0x0863C41C	rom	0x8	sUnk_863C41C
0x0863C424	rom	0x8	sUnk_863C424
0x0863C42C	rom	0x8	sUnk_863C42C
0x0863C434	rom	0x60	sUnk_863C434
0x0863C494	rom	0x18	sUnk_863C494
0x0863C4AC	rom	0x10	sUnk_863C4AC
0x0863C4BC	rom	0x10	sUnk_863C4BC
0x0863C4CC	rom	0x60	sUnk_863C4CC
0x0863C52C	rom	0x30	sUnk_863C52C
0x0863C55C	rom	0x28	sUnk_863C55C
0x0863C584	rom	0x20	sUnk_863C584
0x0863C5A4	rom	0x8	sUnk_863C5A4
0x0863C5AC	rom	0x8	sUnk_863C5AC
0x0863C5B4	rom	0x20	sUnk_863C5B4
0x0863C5D4	rom	0x8	sUnk_863C5D4
0x0863C5DC	rom	0x10	sUnk_863C5DC
0x0863C5EC	rom	0x8	sUnk_863C5EC
0x0863C5F4	rom	0x40	sUnk_863C5F4
0x0863C634	rom	0x20	sUnk_863C634
0x0863C654	rom	0x20	sUnk_863C654
0x0863C674	rom	0x20	sUnk_863C674
0x0863C694	rom	0x40	sUnk_863C694
0x0863C6D4	rom	0x40	sUnk_863C6D4
0x0863C714	rom	0x40	sUnk_863C714
0x0863C754	rom	0x40	sUnk_863C754
0x0863C794	rom	0x40	sUnk_863C794
0x0863C7D4	rom	0x40	sUnk_863C7D4
0x0863C814	rom	0x40	sUnk_863C814
0x0863C854	rom	0x8	sUnk_863C854
0x0863C85C	rom	0x1000	sUnk_863C85C
0x0863D85C	rom	0x44	sUnk_863D85C
0x0863D8A0	rom	0x40	sUnk_863D8A0
0x0863D8E0	rom	0x40	sUnk_863D8E0
0x0863D920	rom	0x28	sUnk_863D920
0x0863D948	rom	0x34	sUnk_863D948
0x0863D97C	rom	0x8	sUnk_863D97C
0x0863D984	rom	0x1C	sUnk_863D984
0x0863D9A0	rom	0x1C	sUnk_863D9A0
0x0863D9BC	rom	0x30	sUnk_863D9BC
0x0863D9EC	rom	0x8	sUnk_863D9EC
0x0863D9F4	rom	0x188	sUnk_863D9F4
0x0863DB7C	rom	0x68	sUnk_863DB7C
0x0863DBE4	rom	0x68	sUnk_863DBE4
0x0863DC4C	rom	0x68	sUnk_863DC4C
0x0863DCB4	rom	0x18	sUnk_863DCB4
0x0863DCCC	rom	0x10	sUnk_863DCCC
0x0863DCDC	rom	0x10	sUnk_863DCDC
0x0863DCEC	rom	0x128	sUnk_863DCEC
0x0863DE14	rom	0x318	sUnk_863DE14
0x0863E12C	rom	0x98	sUnk_863E12C
0x0863E1C4	rom	0x88	sUnk_863E1C4
0x0863E24C	rom	0x25E	sUnk_863E24C
0x0863E4AA	rom	0x32	sUnk_863E4AA
0x0863E4DC	rom	0x10	sUnk_863E4DC
0x0863E4EC	rom	0x4C4	sUnk_863E4EC
0x0863E9B0	rom	0x38	sUnk_863E9B0
0x0863E9E8	rom	0x10	sUnk_863E9E8
0x0863E9F8	rom	0x10	sUnk_863E9F8
0x0863EA08	rom	0x220	sUnk_863EA08
0x0863EC28	rom	0x10	sUnk_863EC28
0x0863EC38	rom	0x10	sUnk_863EC38
0x0863EC48	rom	0x60	sUnk_863EC48
0x0863ECA8	rom	0x38	sUnk_863ECA8
0x0863ECE0	rom	0x10	sUnk_863ECE0
0x0863ECF0	rom	0x8	sUnk_863ECF0
0x0863ECF8	rom	0x8	sUnk_863ECF8
0x0863ED00	rom	0x16C	sUnk_863ED00
0x0863EE6C	rom	0x28	sUnk_863EE6C
0x0863EE94	rom	0x58	sUnk_863EE94
0x0863EEEC	rom	0xC4	sUnk_863EEEC
0x0863EFB0	rom	0x30	sUnk_863EFB0
0x0863EFE0	rom	0x1F0	sUnk_863EFE0
0x0863F1D0	rom	0x10	sUnk_863F1D0
0x0863F1E0	rom	0x28	sUnk_863F1E0
0x0863F208	rom	0x50	sUnk_863F208
0x0863F258	rom	0x78	sUnk_863F258
0x0863F2D0	rom	0xA4C	sUnk_863F2D0
0x0863FD1C	rom	0x268	sUnk_863FD1C
0x0863FF84	rom	0x28	sUnk_863FF84
0x0863FFAC	rom	0x3E8	sUnk_863FFAC
0x08640394	rom	0x70	sUnk_8640394
0x08640404	rom	0x50	sUnk_8640404
0x08640454	rom	0x50	sUnk_8640454
0x086404A4	rom	0x3B4	sUnk_86404A4
0x08640858	rom	0xA8	sUnk_8640858
0x08640900	rom	0x60	sUnk_8640900
0x08640960	rom	0x80	sUnk_8640960
0x086409E0	rom	0x78	sUnk_86409E0
0x08640A58	rom	0xD0	sUnk_8640A58
0x08640B28	rom	0x140	sUnk_8640B28
0x08640C68	rom	0x408	sUnk_8640C68
0x08641070	rom	0x29C	sUnk_8641070
0x0864130C	rom	0x10	sUnk_864130C
0x0864131C	rom	0x10	sUnk_864131C
0x0864132C	rom	0x10	sUnk_864132C
0x0864133C	rom	0x80	sUnk_864133C
0x086413BC	rom	0x10	sUnk_86413BC
0x086413CC	rom	0x50	sUnk_86413CC
0x0864141C	rom	0x17C	sUnk_864141C
0x08641598	rom	0x180	sUnk_8641598
0x08641718	rom	0x30	sUnk_8641718
0x08641748	rom	0x30	sUnk_8641748
0x08641778	rom	0x70	sUnk_8641778
0x086417E8	rom	0xC7C	sUnk_86417E8
0x08642464	rom	0x1B8	sUnk_8642464
0x0864261C	rom	0xE	sUnk_864261C
0x0864262A	rom	0xE	sUnk_864262A
0x08642638	rom	0x168	sUnk_8642638
0x086427A0	rom	0x1A	sUnk_86427A0
0x086427BA	rom	0x66	sUnk_86427BA
0x08642820	rom	0x40	sUnk_8642820
0x08642860	rom	0x38	sUnk_8642860
0x08642898	rom	0xC0	sUnk_8642898
0x08642958	rom	0x200	sUnk_8642958
0x08642B58	rom	0x3800	sUnk_8642B58
0x08646358	rom	0x200	sUnk_8646358
0x08646558	rom	0x4000	sUnk_8646558
0x0864A558	rom	0x800	sUnk_864A558
0x0864AD58	rom	0x800	sUnk_864AD58
0x0864B558	rom	0x800	sUnk_864B558
0x0864BD58	rom	0x20	sUnk_864BD58
0x0864BD78	rom	0x20	sUnk_864BD78
0x0864BD98	rom	0x20	sUnk_864BD98
0x0864BDB8	rom	0x20	sUnk_864BDB8
0x0864BDD8	rom	0x180	sUnk_864BDD8
0x0864BF58	rom	0x96C	sUnk_864BF58
0x0864C8C4	rom	0x320	sUnk_864C8C4
0x0864CBE4	rom	0x74E0	sUnk_864CBE4
0x086540C4	rom	0x800	sUnk_86540C4
0x086548C4	rom	0x200	sUnk_86548C4
0x08654AC4	rom	0x8000	sUnk_8654AC4
0x0865CAC4	rom	0x20E18	sUnk_865CAC4
0x0867D8DC	rom	0x110	sUnk_867D8DC
0x0867D9EC	rom	0x8	sUnk_867D9EC
0x0867D9F4	rom	0x188	sUnk_867D9F4
0x0867DB7C	rom	0x68	sUnk_867DB7C
0x0867DBE4	rom	0xB8	sUnk_867DBE4
0x0867DC9C	rom	0x18	sUnk_867DC9C
0x0867DCB4	rom	0x18	sUnk_867DCB4
0x0867DCCC	rom	0x10	sUnk_867DCCC
0x0867DCDC	rom	0x10	sUnk_867DCDC
0x0867DCEC	rom	0x3FB0	sUnk_867DCEC
0x08681C9C	rom	0x800	sUnk_8681C9C
0x0868249C	rom	0x200	sUnk_868249C
0x0868269C	rom	0x4000	sUnk_868269C
0x0868669C	rom	0x180	sUnk_868669C
0x0868681C	rom	0xAC0	sUnk_868681C
0x086872DC	rom	0x1D40	sUnk_86872DC
0x0868901C	rom	0x800	sUnk_868901C
0x0868981C	rom	0x800	sUnk_868981C
0x0868A01C	rom	0x800	sUnk_868A01C
0x0868A81C	rom	0xC0	sUnk_868A81C
0x0868A8DC	rom	0x80	sUnk_868A8DC
0x0868A95C	rom	0x800	sUnk_868A95C
0x0868B15C	rom	0x6C0	sUnk_868B15C
0x0868B81C	rom	0xC0	sUnk_868B81C
0x0868B8DC	rom	0x80	sUnk_868B8DC
0x0868B95C	rom	0x200	sUnk_868B95C
0x0868BB5C	rom	0xA00	sUnk_868BB5C
0x0868C55C	rom	0x800	sUnk_868C55C
0x0868CD5C	rom	0x200	sUnk_868CD5C
0x0868CF5C	rom	0x136C	sUnk_868CF5C
0x0868E2C8	rom	0x200	sUnk_868E2C8
0x0868E4C8	rom	0x1800	sUnk_868E4C8
0x0868FCC8	rom	0xE0	sUnk_868FCC8
0x0868FDA8	rom	0x120	sUnk_868FDA8
0x0868FEC8	rom	0x60	sUnk_868FEC8
0x0868FF28	rom	0x5400	sUnk_868FF28
0x08695328	rom	0x200	sUnk_8695328
0x08695528	rom	0x5000	sUnk_8695528
0x0869A528	rom	0x800	sUnk_869A528
0x0869AD28	rom	0x800	sUnk_869AD28
0x0869B528	rom	0x800	sUnk_869B528
0x0869BD28	rom	0x800	sUnk_869BD28
0x0869C528	rom	0x800	sUnk_869C528
0x0869CD28	rom	0x120	sUnk_869CD28
0x0869CE48	rom	0x2600	sUnk_869CE48
0x0869F448	rom	0x200	sUnk_869F448
0x0869F648	rom	0x1400	sUnk_869F648
0x086A0A48	rom	0x3C0	sUnk_86A0A48
0x086A0E08	rom	0x3C0	sUnk_86A0E08
0x086A11C8	rom	0x200	sUnk_86A11C8
0x086A13C8	rom	0x1000	sUnk_86A13C8
0x086A23C8	rom	0x200	sUnk_86A23C8
0x086A25C8	rom	0x7880	sUnk_86A25C8
0x086A9E48	rom	0x200	sUnk_86A9E48
0x086AA048	rom	0x4000	sUnk_86AA048
0x086AE048	rom	0x200	sUnk_86AE048
0x086AE248	rom	0x400	sUnk_86AE248
0x086AE648	rom	0x2800	sUnk_86AE648
0x086B0E48	rom	0x800	sUnk_86B0E48
0x086B1648	rom	0x800	sUnk_86B1648
0x086B1E48	rom	0x800	sUnk_86B1E48
0x086B2648	rom	0xC0	sUnk_86B2648
0x086B2708	rom	0x180	sUnk_86B2708
0x086B2888	rom	0x800	sUnk_86B2888
0x086B3088	rom	0x800	sUnk_86B3088
0x086B3888	rom	0x800	sUnk_86B3888
0x086B4088	rom	0x200	sUnk_86B4088
0x086B4288	rom	0x4800	sUnk_86B4288
0x086B8A88	rom	0x6800	sUnk_86B8A88
0x086BF288	rom	0x200	sUnk_86BF288
0x086BF488	rom	0xBE00	sUnk_86BF488
0x086CB288	rom	0x200	sUnk_86CB288
0x086CB488	rom	0x340	sUnk_86CB488
0x086CB7C8	rom	0x140	sUnk_86CB7C8
0x086CB908	rom	0x7800	sUnk_86CB908
0x086D3108	rom	0x11E	sUnk_86D3108
0x086D3226	rom	0x16E	sUnk_86D3226
0x086D36A4	rom	0x14	sUnk_86D36A4
0x086D36B8	rom	0x14	sUnk_86D36B8
0x086D36CC	rom	0x8	sUnk_86D36CC
0x086D36D4	rom	0x8	sUnk_86D36D4
0x086D36DC	rom	0x20	sUnk_86D36DC
0x086D36FC	rom	0x10	sUnk_86D36FC
0x086D370C	rom	0x10	sUnk_86D370C
0x086D371C	rom	0x5DC	sUnk_86D371C
0x086D3CF8	rom	0x10	sUnk_86D3CF8
0x086D3D08	rom	0xA8	sUnk_86D3D08
0x086D3DB0	rom	0x190	sUnk_86D3DB0
0x086D3F40	rom	0x18	sUnk_86D3F40
0x086D3F58	rom	0x28	sUnk_86D3F58
0x086D3F80	rom	0x50	sUnk_86D3F80
0x086D3FD0	rom	0x38	sUnk_86D3FD0
0x086D4008	rom	0x10	sUnk_86D4008
0x086D4018	rom	0x10	sUnk_86D4018
0x086D4028	rom	0x10	sUnk_86D4028
0x086D4038	rom	0x2800	sUnk_86D4038
0x086D6838	rom	0x40	sUnk_86D6838
0x086D6878	rom	0x600	sUnk_86D6878
0x086D6E78	rom	0x1C0	sUnk_86D6E78
0x086D7038	rom	0x200	sUnk_86D7038
0x086D7238	rom	0x2400	sUnk_86D7238
0x086D9638	rom	0x3800	sUnk_86D9638
0x086DCE38	rom	0x800	sUnk_86DCE38
0x086DD638	rom	0x1000	sUnk_86DD638
0x086DE638	rom	0x800	sUnk_86DE638
0x086DEE38	rom	0xC0	sUnk_86DEE38
0x086DEEF8	rom	0x200	sUnk_86DEEF8
0x086DF0F8	rom	0x100	sUnk_86DF0F8
0x086DF1F8	rom	0x3800	sUnk_86DF1F8
0x086E29F8	rom	0x800	sUnk_86E29F8
0x086E31F8	rom	0x10	sUnk_86E31F8
0x086E3208	rom	0x10	sUnk_86E3208
0x086E3218	rom	0x40	sUnk_86E3218
0x086E3258	rom	0xC	sUnk_86E3258
0x086E3264	rom	0x48	sUnk_86E3264
0x086E32AC	rom	0xC	sUnk_86E32AC
0x086E32B8	rom	0xC	sUnk_86E32B8
0x086E32C4	rom	0x30	sUnk_86E32C4
0x086E32F4	rom	0x30	sUnk_86E32F4
0x086E3324	rom	0xC	sUnk_86E3324
0x086E3330	rom	0x1FCC	sUnk_86E3330
0x086E52FC	rom	0x50	sUnk_86E52FC
0x086E534C	rom	0x18	sUnk_86E534C
0x086E5364	rom	0xA8	sUnk_86E5364
0x086E540C	rom	0x10	sUnk_86E540C
0x086E541C	rom	0x200	sUnk_86E541C
0x086E561C	rom	0x5140	sUnk_86E561C
0x086EA75C	rom	0x6C0	sUnk_86EA75C
0x086EAE1C	rom	0x800	sUnk_86EAE1C
0x086EB61C	rom	0x200	sUnk_86EB61C
0x086EB81C	rom	0x7800	sUnk_86EB81C
0x086F301C	rom	0x800	sUnk_86F301C
0x086F381C	rom	0x800	sUnk_86F381C
0x086F401C	rom	0xA7C	sUnk_86F401C
0x086F4A98	rom	0x120	sUnk_86F4A98
0x086F4BB8	rom	0x8	sUnk_86F4BB8
0x086F4BC0	rom	0x8	sUnk_86F4BC0
0x086F4BC8	rom	0x68	sUnk_86F4BC8
0x086F4C30	rom	0x18	sUnk_86F4C30
0x086F4C48	rom	0x188	sUnk_86F4C48
0x086F4DD0	rom	0x10	sUnk_86F4DD0
0x086F4DE0	rom	0x20	sUnk_86F4DE0
0x086F4E00	rom	0x28	sUnk_86F4E00
0x086F4E28	rom	0x200	sUnk_86F4E28
0x086F5028	rom	0x120	sUnk_86F5028
0x086F5148	rom	0x700	sUnk_86F5148
0x086F5848	rom	0x960	sUnk_86F5848
0x086F61A8	rom	0x5680	sUnk_86F61A8
0x086FB828	rom	0x200	sUnk_86FB828
0x086FBA28	rom	0x3000	sUnk_86FBA28
0x086FEA28	rom	0x4000	sUnk_86FEA28
0x08702A28	rom	0x4000	sUnk_8702A28
0x08706A28	rom	0x4000	sUnk_8706A28
0x0870AA28	rom	0x1000	sUnk_870AA28
0x0870BA28	rom	0x800	sUnk_870BA28
0x0870C228	rom	0x800	sUnk_870C228
0x0870CA28	rom	0x1F0	sUnk_870CA28
0x0870CC18	rom	0xC8	sUnk_870CC18
0x0870CCE0	rom	0xC8	sUnk_870CCE0
0x0870CDA8	rom	0x10	sUnk_870CDA8
0x0870CDB8	rom	0x10	sUnk_870CDB8
0x0870CDC8	rom	0x1C	sUnk_870CDC8
0x0870CDE4	rom	0x10	sUnk_870CDE4
0x0870CDF4	rom	0x10	sUnk_870CDF4
0x0870CE04	rom	0x10	sUnk_870CE04
0x0870CE14	rom	0x10	sUnk_870CE14
0x0870CE24	rom	0x1C	sUnk_870CE24
0x0870CE40	rom	0x1C	sUnk_870CE40
0x0870CE5C	rom	0x1C	sUnk_870CE5C
0x0870CE78	rom	0x588	sUnk_870CE78
0x0870D400	rom	0x28	sUnk_870D400
0x0870D428	rom	0x80	sUnk_870D428
0x0870D4A8	rom	0x218	sUnk_870D4A8
0x0870D6C0	rom	0x40	sUnk_870D6C0
0x0870D700	rom	0x180	sUnk_870D700
0x0870D880	rom	0x10	sUnk_870D880
0x0870D890	rom	0x268	sUnk_870D890
0x0870DAF8	rom	0x3940	sUnk_870DAF8
0x08711438	rom	0x6C0	sUnk_8711438
0x08711AF8	rom	0x2A0	sUnk_8711AF8
0x08711D98	rom	0x560	sUnk_8711D98
0x087122F8	rom	0x200	sUnk_87122F8
0x087124F8	rom	0x8000	sUnk_87124F8
0x0871A4F8	rom	0x800	sUnk_871A4F8
0x0871ACF8	rom	0x1000	sUnk_871ACF8
0x0871BCF8	rom	0x1800	sUnk_871BCF8
0x0871D4F8	rom	0x18	sUnk_871D4F8
0x0871D510	rom	0x10	sUnk_871D510
0x0871D520	rom	0x1C	sUnk_871D520
0x0871D53C	rom	0xC8	sUnk_871D53C
0x0871D604	rom	0x23	sUnk_871D604
0x0871D627	rom	0x23	sUnk_871D627
0x0871D64A	rom	0x8	sUnk_871D64A
0x0871D652	rom	0x372	sUnk_871D652
0x0871D9C4	rom	0x372	sUnk_871D9C4
0x0871DD36	rom	0x7	sUnk_871DD36
0x0871DD3D	rom	0x7	sUnk_871DD3D
0x0871DD44	rom	0x18	sUnk_871DD44
0x0871DD5C	rom	0x28	sUnk_871DD5C
0x0871DD84	rom	0x5D0	sUnk_871DD84
0x0871E354	rom	0x10	sUnk_871E354
0x0871E364	rom	0x10	sUnk_871E364
0x0871E374	rom	0xB0	sUnk_871E374
0x0871E424	rom	0x68	sUnk_871E424
0x0871E48C	rom	0x28	sUnk_871E48C
0x0871E4B4	rom	0x10	sUnk_871E4B4
0x0871E4C4	rom	0x38	sUnk_871E4C4
0x0871E4FC	rom	0x10	sUnk_871E4FC
0x0871E50C	rom	0x1D8	sUnk_871E50C
0x0871E6E4	rom	0x800	sUnk_871E6E4
0x0871EEE4	rom	0x2000	sUnk_871EEE4
0x08720EE4	rom	0x200	sUnk_8720EE4
0x087210E4	rom	0x3880	sUnk_87210E4
0x08724964	rom	0x140	sUnk_8724964
0x08724AA4	rom	0x6C0	sUnk_8724AA4
0x08725164	rom	0xB80	sUnk_8725164
0x08725CE4	rom	0x200	sUnk_8725CE4
0x08725EE4	rom	0x8000	sUnk_8725EE4
0x0872DEE4	rom	0x800	sUnk_872DEE4
0x0872E6E4	rom	0x800	sUnk_872E6E4
0x0872EEE4	rom	0x1000	sUnk_872EEE4
0x0872FEE4	rom	0x14	sUnk_872FEE4
0x0872FEF8	rom	0x14	sUnk_872FEF8
0x0872FF0C	rom	0xC	sUnk_872FF0C
0x0872FF18	rom	0xC	sUnk_872FF18
0x0872FF24	rom	0x14	sUnk_872FF24
0x0872FF38	rom	0x14	sUnk_872FF38
0x0872FF4C	rom	0xC	sUnk_872FF4C
0x0872FF58	rom	0xC	sUnk_872FF58
0x0872FF64	rom	0x38	sUnk_872FF64
0x0872FF9C	rom	0x78	sUnk_872FF9C
0x08730014	rom	0xA0	sUnk_8730014
0x087300B4	rom	0x60	sUnk_87300B4
0x08730114	rom	0x3C	sUnk_8730114
0x08730150	rom	0x320	sUnk_8730150
0x08730470	rom	0x88	sUnk_8730470
0x087304F8	rom	0x18	sUnk_87304F8
0x08730510	rom	0x18	sUnk_8730510
0x08730528	rom	0x330	sUnk_8730528
0x08730858	rom	0x800	sUnk_8730858
0x08731058	rom	0x800	sUnk_8731058
0x08731858	rom	0x1000	sUnk_8731858
0x08732858	rom	0x200	sUnk_8732858
0x08732A58	rom	0x820	sUnk_8732A58
0x08733278	rom	0x1FE0	sUnk_8733278
0x08735258	rom	0x200	sUnk_8735258
0x08735458	rom	0x35C0	sUnk_8735458
0x08738A18	rom	0xA40	sUnk_8738A18
0x08739458	rom	0x3FE0	sUnk_8739458
0x0873D438	rom	0x20	sUnk_873D438
0x0873D458	rom	0x30C	sUnk_873D458
0x0873D764	rom	0x325C	sUnk_873D764
0x087409C0	rom	0xA4C	sUnk_87409C0
0x0874140C	rom	0x8F4	sUnk_874140C
0x08741D00	rom	0x83C	sUnk_8741D00
0x0874253C	rom	0x200	sUnk_874253C
0x0874273C	rom	0x23A	sUnk_874273C
0x08742976	rom	0x6	sUnk_8742976
0x0874297C	rom	0x6	sUnk_874297C
0x08742982	rom	0x4	sUnk_8742982
0x08742986	rom	0x6	sUnk_8742986
0x0874298C	rom	0x6	sUnk_874298C
0x08742992	rom	0xC	sUnk_8742992
0x0874299E	rom	0x1A	sUnk_874299E
0x087429B8	rom	0x1A	sUnk_87429B8
0x087429D2	rom	0x4	sUnk_87429D2
0x087429D6	rom	0x6	sUnk_87429D6
0x087429DC	rom	0x4	sUnk_87429DC
0x087429E0	rom	0xC	sUnk_87429E0
0x087429EC	rom	0x140	sUnk_87429EC
0x08742B2C	rom	0x2D4	sUnk_8742B2C
0x08742E00	rom	0x2FC	sUnk_8742E00
0x087430FC	rom	0x2254	sUnk_87430FC
0x08745350	rom	0x808	sUnk_8745350
0x08745B58	rom	0x928	sUnk_8745B58
0x08746480	rom	0x200	sUnk_8746480
0x08746680	rom	0x200	sUnk_8746680
0x08746880	rom	0xA6	sUnk_8746880
0x08746926	rom	0x44A	sUnk_8746926
0x08746D70	rom	0x2	sUnk_8746D70
0x08746D72	rom	0x2	sUnk_8746D72
0x08746D74	rom	0x2	sUnk_8746D74
0x08746D76	rom	0x2	sUnk_8746D76
0x08746D78	rom	0x368	sUnk_8746D78
0x087470E0	rom	0x8	sUnk_87470E0
0x087470E8	rom	0x4	sUnk_87470E8
0x087470EC	rom	0xE	sUnk_87470EC
0x087470FA	rom	0xE	sUnk_87470FA
0x08747108	rom	0x38	sUnk_8747108
0x08747140	rom	0x38	sUnk_8747140
0x08747178	rom	0x38	sUnk_8747178
0x087471B0	rom	0x30	sGoldenTreasureGfx
0x087471E0	rom	0xC	sUnk_87471E0
0x087471EC	rom	0x32	sUnk_87471EC
0x0874721E	rom	0x32	sUnk_874721E
0x08747250	rom	0x20	sUnk_8747250
0x08747270	rom	0x200	sUnk_8747270
0x08747470	rom	0x2400	sUnk_8747470
0x08749870	rom	0x1340	sUnk_8749870
0x0874ABB0	rom	0x800	sUnk_874ABB0
0x0874B3B0	rom	0x359C0	sUnk_874B3B0
0x08780D70	rom	0x800	sUnk_8780D70
0x08781570	rom	0x200	sUnk_8781570
0x08781770	rom	0x4DDC	sUnk_8781770
0x0878654C	rom	0x18	sUnk_878654C
0x08786564	rom	0x18	sUnk_8786564
0x0878657C	rom	0x28	sUnk_878657C
0x087865A4	rom	0x48	sUnk_87865A4
0x087865EC	rom	0x10	sUnk_87865EC
0x087865FC	rom	0x10	sUnk_87865FC
0x0878660C	rom	0x10	sUnk_878660C
0x0878661C	rom	0x20	sUnk_878661C
0x0878663C	rom	0x40	sUnk_878663C
0x0878667C	rom	0x28	sUnk_878667C
0x087866A4	rom	0x18	sUnk_87866A4
0x087866BC	rom	0x204	sUnk_87866BC
0x087868C0	rom	0x18	sUnk_87868C0
0x087868D8	rom	0x18	sUnk_87868D8
0x087868F0	rom	0x18	sUnk_87868F0
0x08786908	rom	0x298	sUnk_8786908
0x08786BA0	rom	0x28	sUnk_8786BA0
0x08786BC8	rom	0x28	sUnk_8786BC8
0x08786BF0	rom	0x24C	sUnk_8786BF0
0x08786E3C	rom	0x1850	sUnk_8786E3C
0x0878868C	rom	0x20	sUnk_878868C
0x087886AC	rom	0xB80	sUnk_87886AC
0x0878922C	rom	0x200	sUnk_878922C
0x0878942C	rom	0x20	sUnk_878942C
0x0878944C	rom	0x5280	sUnk_878944C
0x0878EBF0	rom	0x1C4	sUnk_878EBF0
0x0878EDB4	rom	0x1C4	sUnk_878EDB4
0x0878EF78	rom	0x16C	sUnk_878EF78
0x0878F0E4	rom	0x14	sUnk_878F0E4
0x0878F0F8	rom	0xC	sUnk_878F0F8
0x0878F104	rom	0x6C	sUnk_878F104
0x0878F170	rom	0x18	sUnk_878F170
0x0878F188	rom	0x34	sUnk_878F188
0x0878F1BC	rom	0x18	sUnk_878F1BC
0x0878F1D4	rom	0x48	sUnk_878F1D4
0x0878F21C	rom	0x64	sUnk_878F21C
0x0878F280	rom	0x64	sUnk_878F280
0x0878F2E4	rom	0x25C	sUnk_878F2E4
0x0878F540	rom	0x64	sUnk_878F540
0x0878F714	rom	0x168	sSecondarySpriteAITable
0x0878F87C	rom	0x8	sUnk_878F87C
0x0878F884	rom	0x8	sUnk_878F884
0x0878F88C	rom	0xB0	sUnk_878F88C
0x0878F93C	rom	0x34	sUnk_878F93C
